Sr. No,Sex,Age,Haemoglobin,Hematocrit,Lymphocytes,MCH,MCHC,MCV,Monocytes,MPV,PCT,PDW,Platelet Count,Polymorphs,RBC Count,RDW SD,WBC Count,Eosinophils,Creatinine,Urea,GFR ,Target
1,0,49,9.3,25,12,28,36,78,3,7,0.11,36.9,163,83,3.2,16.3,7.7,2,12.2,239,3.29,1
2,0,65,12.1,36.9,14,31,36,96,7,9.5,0.12,15,131,76,3.8,53,6.4,3,9,113,4.41,1
3,1,27,13.4,53.2,27,34,33,106,9,9.9,0.12,42,119,60,3.8,19,5.5,4,9.9,96,6.36,1
4,1,22,11,32.7,28,33,34,99,4,9.5,0.14,15,148,66,3.3,47,5.1,2,13.4,136,4.68,1
5,0,45,11,47,30,24,31,83,4,8.2,0.17,39,204,64,3.6,21,10.3,2,11,160,3.77,1
6,1,45,12.6,38.7,18,31,32,95,8,10.8,0.12,16,111,71,4,51,6.2,3,6.8,160,8.85,1
7,1,40,11.9,41.18,16,29,35,99,8,8.4,0.18,38,211,73,4.1,20,7,3,9.8,195,5.94,1
8,0,53,10.6,34,19,31,32,99,5,9.6,0.2,15,209,73,3.4,50,6.8,3,8.8,99,4.71,1
9,0,23,9.2,28.7,10,32.5,31.9,101.7,4,10.4,0.1,16.5,128,84,2.8,51.2,4.6,2,11.1,221,4.27,1
10,0,34,8.8,34.5,32,22,32,98,5,12,0.2,45,169,59,2.7,23,8.3,4,5.1,132,9.68,1
11,0,47,9.9,31.1,25,27.8,31.9,87.3,4,9.5,0.2,15.5,220,69,3.5,44.6,12.5,2,8.8,175,4.83,1
12,1,68,10.6,33.6,40,25.1,31.4,79.8,5,11.9,0.1,15.1,138,52,4.2,45.2,8.5,3,4.2,164,14.18,1
13,1,29,12.2,36.4,27,30.2,33.5,90.1,3,10,0.2,15.5,263,68,4,40.8,6.7,2,13.1,135,4.54,1
14,1,35,8.5,26,24,28,32,87,6,9.1,0.16,15.6,183,67,3,47.6,10.6,3,10.9,169,5.4,1
15,0,68,10.3,29.56,21,27,34,79,5,8.5,0.09,37,106,72,3.7,17.4,7.2,2,8.1,141,4.93,1
16,1,61,12.6,39,24,28,32,86,8,9.7,0.19,15.6,205,64,4.5,46.6,5.4,4,8.6,100,6.34,1
17,0,26,11.2,43.2,19,28,31,96,7,9.1,0.13,39,166,72,4.4,22,5.9,2,7,114,7.1,1
18,1,18,9.4,29.4,27,21,32,67,6,10,0.11,14,110,64,4.3,37,7.1,5,12.4,162,5.33,1
19,1,37,9.1,28.7,25,30.2,31.7,95.3,5,12.1,0.2,47.6,185,67,3,47.6,8.5,3,10.1,107,5.83,1
20,0,13,9.9,29,23,30,32,89,5,9.8,0.18,15.4,187,70,2.8,52.2,6.7,2,10.1,151,5.35,1
21,1,55,10.3,30.6,29,32,33.5,95.6,4,9.4,0.1,15.7,168,65,3.2,48,4.6,2,3.7,135,17.14,1
22,1,50,10.7,31,17,30.3,34.6,88,5,9,0.2,39.4,218,76,3.5,15.1,6.2,2,18,256,2.82,1
23,0,36,9.4,30.7,39,30.7,30.7,100.1,9,11,0.1,16.2,138,48,3,58.9,5.8,4,10.9,206,3.98,1
24,1,38,10.9,32.6,15,32,33.5,95.5,5,11.4,0.2,16,185,77,3.4,45.3,11.4,3,13.3,162,4.22,1
25,1,33,10.5,32.3,22,30.3,32.4,93.4,3,8.6,0.1,15.4,129,73,3.4,46.1,4.8,2,9.9,138,6.11,1
26,0,33,10.7,31.4,35,32.2,34.1,94.3,4,10.7,0.1,16.4,94,59,3.3,41.1,5,2,8.8,150,5.19,1
27,1,28,11.1,34.3,33,30,32,94,7,9.8,0.15,16,160,57,3.6,47,4.9,3,14,172,4.23,1
28,0,54,11.5,35.3,16,29,32.5,89.3,4,11.6,0.1,15.8,105,78,3.9,47.5,7.6,2,9.2,172,4.46,1
29,1,40,9.5,28.1,30,31.2,33.7,92.7,3,10,0.1,16.4,165,65,3,47,4.2,2,11.4,164,4.99,1
30,0,30,11.2,34.1,31,29,34,95,5,6.8,0.19,19,223,60,3.52,41,9.5,4,8.8,122,5.29,1
31,1,39,13,39.5,31,26.5,32.9,80.6,3,10,0.1,15.6,145,64,4.9,37.6,10.5,2,11.9,184,4.77,1
32,0,45,9.5,28.6,23,30.2,33.3,90.7,3,10.6,0.08,15.7,99,72,3.1,45.7,4.9,2,12.6,135,3.22,1
33,1,43,10.3,31,23,30,33,91,6,9.6,0.19,15.7,200,68,3.4,45.4,12.3,3,8.7,126,6.72,1
34,1,33,6.9,22.5,5,28.5,30.9,92.4,3,9.1,0.3,15.7,336,90,2.4,49.8,16.8,2,13.1,112,4.42,1
35,1,47,11.8,35,16,29,33,87,6,8.2,0.22,15.2,271,75,4,46.2,7.9,3,8.1,120,7.16,1
36,1,63,12.7,38,27,34,33,85,5,11.2,0.14,15.6,186,65,4.7,44.8,9.9,3,10.8,126,4.84,1
37,1,42,10.6,29.8,21,35,36,101,8,11.3,0.25,16,225,71,2.9,55,9.5,0,14.4,140,3.77,1
38,0,28,11.4,34.9,22,28.8,32.5,88.6,4,9.1,0.2,15.5,271,72,3.9,45.8,7.3,2,9.9,122,4.68,1
39,0,62,12.7,38.4,11,30.3,33,91.9,5,9.4,0.1,16.1,195,82,4.1,47.4,6.8,2,9.8,173,4.03,1
40,0,48,9.2,29.1,32,27.9,31.7,88.1,3,9,0.1,15.8,130,63,3.3,45.2,5.6,2,7.7,161,5.61,1
41,1,70,10.6,30.9,34,31,34.4,90,5,11,0.2,15.7,207,58,3.4,42.3,7.8,3,5.2,106,11.02,1
42,1,43,11.3,34,13,27,33,83,7,10.7,0.24,16.3,232,77,4.1,41.7,8.5,3,9,180,6.46,1
43,0,58,11,34.8,35,27.1,31.6,85.6,3,12.1,0.1,15.9,111,60,4,48.8,5.4,2,6.5,119,6.57,1
44,1,33,6.1,21.5,60,29.3,28.5,103,3,8.6,0.2,39.2,254,35,2,19.9,7,2,8.4,136,7.38,1
45,0,29,9.8,30,22,31.5,32.6,96.8,4,10.7,0.2,15.7,200,71,3.1,50.9,7.9,3,4.7,133,10.99,1
46,1,46,9.6,30,15,25,32,80,8,7.5,0.15,14,212,73,3.7,49,8.1,4,10.8,135,5.16,1
47,1,41,11.2,32,25,26,34,90,3,8.1,0.15,15.1,165,70,3.5,40,10,2,12.6,172,4.42,1
48,0,37,10,29.96,2,27,35,77,3,9.8,0.2,42,200,95,3.8,16,19.1,0,9.5,177,4.64,1
49,1,67,12.8,33,20,28,32,86,4,9.5,0.2,16,216,74,4.8,14,13.3,2,10.2,174,5.11,1
50,1,57,11.6,36.4,24,32.4,34.6,94,4,8.2,0.1,38.1,220,70,3.8,13.1,7.2,2,11.1,146,4.79,1
51,1,67,9.8,29,20,27,33,80,7,9.4,0.16,15.7,175,71,3.6,40,6.9,3,9.1,122,5.83,1
52,1,71,10.9,33.1,20,28,33,87,8,9.7,0.15,16,159,68,3.7,53,9,4,11,210,4.63,1
53,1,27,11.6,32.6,28,32,36,89,5,0.11,0,34,159,65,3.6,15,7,2,10.1,70,6.22,1
54,1,61,13,36,24,28,36,79,6,7.1,0.1,37.2,144,68,4.5,16.5,4.7,2,9.3,123,5.79,1
55,1,55,12.6,36,21,33,35,94,3,7.2,0.09,35,126,74,3.8,15,5.4,2,11.6,116,4.59,1
56,1,37,11,33,25,30,33,92,6,8.3,0.16,38,188,66,3.5,15,7.2,3,12.4,0,4.6,1
57,1,55,11.6,32.8,19,34,35,96,5,7.3,0.14,36,190,73,3.4,13,6.5,3,10.6,119,5.09,1
58,1,28,11.3,31.9,19,31,35,87,3,7.8,0.15,37,186,76,3.7,14.2,9.2,2,15,210,3.91,1
59,0,14,10.8,30.2,24,37,35,104,5,9.2,0.12,39,127,68,2.9,16,5.3,3,9.5,138,5.66,1
60,0,66,13.3,38.6,12,33.2,34.6,96,3,8.6,0.1,37.6,179,83,4,14.7,8,2,10.6,152,3.64,1
61,0,31,11.2,31,29,30,35,87,2,8.7,0.14,38.4,157,58,3.6,14.2,5.7,1,9.2,187,4.99,1
62,1,47,10.7,29,17,30,35,85,6,7.7,0.23,37.4,303,74,3.5,15.9,7.4,3,8.8,144,6.51,1
63,1,33,9.5,27.4,15,26.8,34.6,77,4,8,0.1,35.8,238,79,3.5,17.1,5.5,2,6.9,81,9.26,1
64,1,74,11.1,30,26,30,36,84,6,8.6,0.17,38.1,198,65,3.6,15.7,8.4,3,8.2,123,6.44,1
65,1,49,10.5,28.6,24,31.7,36.5,87,5,9.1,0.1,40.5,181,68,3.3,14.4,6.2,3,11.7,187,4.65,1
66,1,45,10.7,34.4,16,27,31,88,5,9.9,0.15,16,154,76,3.8,49,6.6,3,4.2,104,15.42,1
67,1,55,13,44,23,33,35,102,10,9,0.16,16,179,64,4.2,52,6.9,3,12.1,105,4.37,1
68,0,25,8.7,25,9,33,34,97,9,8.9,0.04,16,97,80,2.6,48,5.8,2,12.4,177,3.7,1
69,0,26,11.1,33.8,30,32.5,32.9,98.9,5,10.5,0.1,16.3,159,63,3.4,47.1,6.1,2,10.5,127,4.44,1
70,1,45,11,33.5,19,30.2,33,91.5,5,9.7,0.09,15.7,110,74,3.6,43.4,4.8,2,8.6,166,6.75,1
71,1,43,8.5,25.2,13,26,33,84,8,8.1,0.17,15,210,75,2.9,47,6.5,4,8.4,127,7,1
72,1,41,10,30.4,16,29,33,87,6,8.5,0.23,15,277,77,3.4,13,10.6,1,6.9,144,8.86,1
73,0,31,10.7,31.17,17,31,34,92,6,9.8,0.07,40,72,75,3.3,13,6,2,7.2,126,6.63,1
74,0,53,11.4,35.5,28,31,32,98,5,9.7,0.2,15,216,64,3.6,14,9.1,3,9.6,154,4.26,1
75,0,68,8.6,26.2,9,29,32,88,9,10.5,0.23,15,223,80,2.9,45,8.5,2,4.5,78,9.72,1
76,1,70,11.9,48.81,27,23,29,97,4,10.9,0.21,42,192,67,5,23,8.7,2,6.7,117,8.23,1
77,0,27,11,35,30,29,32,86,5,8.1,0.18,14,107,62,3.9,42,5.9,3,9.5,117,4.95,1
78,1,76,12,34.7,27,28,34,82,10,9.1,0.2,15,226,59,4.2,15,7.7,6,10.1,181,5.04,1
79,1,42,11,34.7,34,30,34,88,5,9.2,0.23,15,255,58,3.9,45,6.8,3,8.6,69,6.84,1
80,0,44,10.4,38.4,23,29,38,90,10,6.9,0.16,39,152,60,3.8,13.8,6.2,7,11.4,144,3.63,1
81,0,31,8.6,26.6,22,30,32.2,93.4,4,10.2,0.1,15.6,152,72,2.8,45.8,4.1,2,12.3,195,3.57,1
82,1,56,11.1,34.2,43,29.1,32.5,89.7,5,10.2,0.1,15.8,175,49,3.8,47.2,5.6,3,9.3,139,5.9,1
83,0,42,10.4,36,22,34,28,122,10,11.5,0.24,44.3,211,63,3,20.5,7.3,5,5.9,107,7.84,1
84,1,67,13.8,40.6,15,35.5,33.9,105,3,9,0.1,39.8,195,80,3.8,12.8,5.5,2,12.7,201,3.97,1
85,1,74,10.4,29.9,25,31.1,34.7,90,4,10.5,0.1,40.8,159,69,3.3,13.3,5.6,2,8.4,114,6.27,1
86,1,48,9.7,28.3,31,31,34,90,8,9.8,0.08,16,109,58,3.1,51,5.4,3,13.1,189,4.1,1
87,1,31,11.2,32.5,29,33,34,96,5,12.2,0.15,16,126,62,3.3,45,5.3,4,9.3,133,6.65,1
88,1,62,11.3,40.02,47,22,30,81,3,10.2,0.3,44,289,42,4.9,20,9.5,0,7.2,119,7.76,1
89,0,65,8.7,32,71,30,27,122,8,11.9,0.2,43.7,168,17,2.6,24.3,12.2,4,8.2,145,4.91,1
90,1,50,11.6,36.5,19,27.4,32.2,85.1,4,11,0.1,15.4,147,75,4.2,55.1,5.8,2,8.4,163,6.78,1
91,0,39,11.3,33.3,19,26.9,34,79,4,11.1,0.4,40.3,256,75,4.2,17.1,11,2,4.8,103,10.1,1
92,1,62,11.3,29.4,28,27,32,86,6,6.2,0.18,18,239,62,4,51,6,4,14.2,159,3.54,1
93,1,35,10.5,30.4,33,33.6,34.6,97,7,11.8,0.1,41.4,180,58,3.1,13,5.3,2,13,136,4.41,1
94,0,53,7.5,23,30,20,31,64,6,9.4,0.22,15.5,237,61,3.6,38.8,7.3,3,6.9,102,6.24,1
95,1,54,11.5,34,36,33,33,101,6,8.8,0.21,15.9,245,55,3.4,54,6.5,3,9.8,128,5.59,1
96,1,43,10,28.2,27,34,35,96,8,11,0.14,16,132,62,2.9,45,5.9,3,13,219,4.23,1
97,1,34,12.2,47.7,29,30.5,31.9,95.8,4,8.9,0.1,15.8,213,64,4.9,57.7,4.9,3,4.7,106,14.34,1
98,1,32,10.9,28.4,33,39.2,38.4,102,5,8.5,0.2,35.9,256,59,2.7,13,4.3,2,13.1,143,4.45,1
99,1,42,7.3,20.6,25,34.3,35.1,98,5,12,0.2,41.6,208,68,2.1,13.6,5.8,2,8.4,190,7.03,1
100,1,45,8.9,26.9,28,28.5,33.1,86.1,3,10.2,0.1,15.8,145,67,3.1,43,5.1,2,10.7,115,5.24,1
101,0,80,10.4,30.7,21,31.7,33.9,93.5,4,8.9,0.1,15.2,214,72,3.2,41.7,11.8,3,6,105,6.75,1
102,0,68,10.4,35,22,25,33,84,4,10,0.15,14.8,168,72,4.1,50,9.1,2,9,160,4.37,1
103,1,47,12.2,34.2,19,31.9,35.6,90,5,12.3,0.1,44.7,95,73,3.8,13.5,4.6,3,13.5,180,3.97,1
104,1,50,11,30.5,22,33.1,36.1,92,6,10.1,0.2,41.7,202,69,3.3,12.1,6.5,3,15.7,280,3.3,1
105,1,57,11.3,33,34,29,33,88,5,9.1,0.17,15.9,187,58,3.7,44.5,6.7,3,11.4,159,4.64,1
106,1,49,10.1,33.7,25,22,30,73,5,10.5,0.3,42.6,316,68,4.6,17.6,6.1,2,10.7,151,5.15,1
107,1,45,9.4,26,21,30.7,35.9,86,3,8.3,0.1,38.1,217,74,3,16.2,5.7,2,12,205,4.59,1
108,1,77,9.6,30,11,29.4,32.1,91.7,4,9.9,0.2,15.5,302,83,3.2,60.7,8.2,2,7.3,171,7.31,1
109,0,60,8.5,25.1,25,26,33,77,11,8.1,0.35,15,435,69,3.2,39,13.8,3,4.5,78,9.97,1
110,1,27,11.4,32.2,35,29.6,35.6,83.3,4,10.1,0.1,16.2,172,58,3.8,34.5,7.1,3,12.1,161,5.05,1
111,1,34,9.2,28.5,17,31,32,97,8,10.7,0.25,16,240,72,2.9,14.3,10.5,3,13.8,175,4.14,1
112,1,35,9.6,30.8,15,28.7,31.3,91.9,4,11,0.3,15.8,287,79,3.3,68.3,8.2,2,4.6,110,14.61,1
113,1,39,8,23.6,35,33.2,33.8,98,5,9.5,0.05,37.6,60,57,2.4,14.1,6.7,3,7.6,105,8.01,1
114,0,49,12.2,37,39,27,33,82,7,10.9,0.17,15.7,163,51,4.5,46.2,3.6,3,4.8,90,9.64,1
115,0,34,7,18,60,28,38,73,4,7,0.23,35,322,35,2.4,20,8.7,1,6.8,93,6.95,1
116,0,26,11.9,40.6,15,28.5,32.5,88,4,7.4,0.07,37.4,148,78,4.6,16.9,10.4,3,6.9,123,7.21,1
117,0,25,9.6,25.67,20,28,37,76,7,6.9,0.13,33,194,70,3.3,17,6.8,3,9.5,130,5.03,1
118,1,45,10.4,28,14,30.2,37.2,81,4,7.8,0.07,36.6,132,80,3.4,14.5,4.6,2,9.8,152,5.8,1
119,0,32,7,19,24,27,35,78,5,8.2,0.04,33.1,80,68,2.5,18.9,5.9,3,11.6,146,3.8,1
120,0,72,11,30,11,29,36,81,5,8.9,0.15,36.9,173,81,3.7,18,7.4,3,8.8,97,4.43,1
121,1,50,11.2,29.08,18,27,38,71,2,8.9,0.11,41,120,78,4,19,4.8,2,9.4,129,5.96,1
122,1,63,9.3,26,18,30,36,82,3,7.4,0.09,36,129,76,3.1,14,4.9,3,7.7,68,7.16,1
123,0,67,10.2,28,10,30,36,85,4,7.5,0.15,36,205,83,3.3,16,7.3,3,5.9,68,7.13,1
124,1,23,11.3,34.6,39,32.7,35.5,92,4,8.7,0.1,40.8,125,54,3.4,13.1,3.5,3,12.5,155,5.02,1
125,0,46,10.7,29,26,35,36,97,4,8.5,0.15,38.3,171,68,3,13.1,6.4,2,9.5,163,4.44,1
126,1,45,11.2,32.44,19,28,34,81,5,10.8,0.17,40,156,74,4,15.1,4.7,2,6.6,99,9.16,1
127,1,18,9.4,26,18,21,35,62,5,12.6,0.31,45,243,74,4.3,16.4,7,3,10.9,129,6.18,1
128,0,46,9.5,27,10,28,34,83,4,10.6,0.02,39,20,84,3.3,15.3,6.1,2,9.3,171,4.55,1
129,1,45,11.9,33.2,6,31.7,35.6,89,3,9.6,0.1,39.8,115,90,3.7,13.9,7.4,1,6,160,10.22,1
130,1,55,10.6,30,25,32,34,95,6,7.7,0.16,37.4,202,66,3.2,15.7,4.6,3,7.1,99,8.08,1
131,0,34,10.3,27.86,7,34,36,94,4,7.9,0.15,37,185,87,2.9,12,4.9,2,5.1,148,9.68,1
132,1,50,8.6,24.28,25,30,35,86,5,9.2,0.17,37,187,66,2.8,14,4.3,4,13.3,159,3.99,1
133,1,45,11,30.9,15,30.2,35.6,85,5,8.7,0.1,37.9,119,78,3.6,13.2,5.1,2,9,136,6.4,1
134,1,41,10.5,32,7,24,32,74,2,10.7,0.24,44.6,226,91,4.3,20.8,11.2,0,9.1,83,6.44,1
135,0,33,12.2,33.2,20,34.6,36.7,94,4,8.8,0.1,38.5,145,73,3.5,14.3,5.8,3,10,120,4.48,1
136,1,28,10.4,29,31,30,35,87,10,8.5,0.12,37.7,142,54,3.4,14.4,3,5,10.5,100,5.9,1
137,0,24,11.9,34.3,20,33.7,34.7,97,3,9.5,0.1,40,135,75,3.5,13.9,4.2,2,8.7,104,5.61,1
138,0,53,10.8,31,24,33,35,95,2,9.5,0.25,40,258,73,3.2,14,8,1,9.5,162,4.32,1
139,0,34,9.3,26,8,29,35,83,2,8.5,0.19,37.9,223,89,3.1,19.9,7.4,1,7.1,134,6.61,1
140,0,46,9.2,25,24,30,35,86,5,9.3,0.14,39.2,150,69,3,14.7,4.7,2,8.6,110,4.98,1
141,0,69,10.6,30,18,30,36,83,5,8.8,0.17,40,198,74,3.6,14.7,9,3,8.5,111,4.65,1
142,1,43,9.8,26,18,37,36,101,3,12.5,0.18,43.7,146,77,2.6,15.7,6.9,2,15.1,162,3.56,1
143,0,48,10.2,39.4,25,28.9,34.7,83,6,8.9,0.1,38.8,165,66,3.5,14.9,5.6,3,8.4,107,5.08,1
144,1,58,9,25.2,23,28,35.8,78,3,7.7,0.2,37.2,255,72,3.2,15.4,8.6,2,11.2,190,4.72,1
145,0,58,10.9,30.9,42,29.2,35.3,83,4,11,0.1,43.2,165,51,3.7,16.2,5.3,3,7.6,110,5.48,1
146,1,34,13,37.7,17,29,34.7,83,4,8.3,0.1,37.9,206,77,4.4,14.1,5.8,2,3.8,87,18.33,1
147,0,12,9.2,27,28,20,34,60,3,7.7,0.18,38.8,228,68,4.4,17.7,7.8,1,6.3,110,9.37,1
148,0,80,10,27,18,33,36,91,5,8.5,0.16,37.7,193,75,3,13.4,8.6,2,6.2,91,6.5,1
149,0,37,10,27.1,6,27,36,76,3,9.7,0.26,40,263,91,3.6,16,12.5,0,9.1,178,4.88,1
150,1,50,10.1,27.4,11,33,36,92,6,9.2,0.18,41,199,79,2.9,14,10.4,4,13.3,209,3.99,1
151,1,67,9.7,27,17,28.2,35.9,78,3,10.6,0.1,42.1,168,78,3.4,13.4,11,2,8.5,151,6.31,1
152,1,45,10.3,29,14,31,35,88,3,8.8,0.17,39,192,82,3.3,16.8,8.7,1,10.1,158,5.6,1
153,1,53,11.5,32.94,12,32,34,92,4,11.4,0.14,41,127,82,3.56,14,5.8,2,8.6,151,6.53,1
154,1,35,8.1,21,25,30,36,82,8,9.4,0.27,39.5,286,64,2.6,16.2,6.1,3,12.6,130,4.57,1
155,0,49,11.1,31,15,29,35,83,6,9.8,0.38,40,389,76,3.7,15.3,7.7,3,4.8,104,9.64,1
156,1,27,9.2,25,31,31,36,86,5,8.3,0.12,37.4,141,62,2.9,15.5,7.8,2,7.1,69,9.34,1
157,0,66,9.4,26,13,30,35,85,3,11.5,0.17,42.7,145,82,3.1,15.1,5.9,2,8.6,136,4.63,1
158,1,64,11.4,31.7,23,32.8,35.8,92,4,9.4,0.09,39.5,100,71,3.4,13.9,6,2,8,119,6.83,1
159,1,36,11.3,34.2,26,29.8,33.2,89.8,4,8.8,0.1,15.6,177,68,3.8,43.7,5.8,2,11.3,197,5.15,1
160,0,45,12.2,37.3,48,34.8,32.7,106.3,6,10.2,0.1,16.4,195,43,3.5,51.6,6.1,3,10.6,163,3.93,1
161,1,49,10.2,28.3,19,33.4,35.9,93,4,8.7,0.2,39,289,74,3,13.8,9.4,3,11.1,178,4.94,1
162,0,33,11.1,43,14,26,30,96,10,9.5,0.22,41,181,74,3.2,21,5.6,2,5.2,138,9.53,1
163,0,43,11.8,35.7,19,32.7,33,99.2,4,11.8,0.1,16.3,145,75,3.6,45.9,10.5,2,9.9,165,4.29,1
164,0,68,10.6,33.4,27,27.7,31.7,87.5,5,10.7,0.1,15.5,145,65,3.8,49,7.3,3,5.3,165,8.05,1
165,0,68,10.6,34.2,20,29.8,33.3,89.5,6,10.4,0.1,16.2,156,71,3.8,44.7,5.7,3,8.1,147,4.93,1
166,1,56,12.6,50,21,26,31,96,10,9.4,0.12,40,139,61,4.3,20,8.9,8,13.3,156,3.9,1
167,0,12,9.9,31,25,20,31,63,4,8.5,0.21,14.8,246,69,5,36.1,9,2,6.4,116,9.21,1
168,0,58,11,32.4,21,30.9,34,91,5,9.2,0.1,37.6,191,72,3.5,13.7,7.6,2,11.2,285,3.5,1
169,1,53,7.4,21.2,20,31.9,35,91,5,9.8,0.2,39.6,237,73,2.3,14.8,4.5,2,10.1,184,5.42,1
170,1,38,10.4,30.8,19,29.6,33.9,87.4,4,9.6,0.1,15.8,162,75,3.5,47,5.4,2,10.7,139,5.43,1
171,1,39,10.6,29.9,22,32,35.3,91,6,10.9,0.1,41.9,189,69,3.3,15,5.5,3,6,97,10.52,1
172,1,18,6.9,18.9,24,29.2,36.4,80,4,7.7,0.1,37.2,145,70,2.3,16.3,5.7,2,12.7,,5.18,1
173,0,71,10.5,30,20,28,34,80,5,6.9,0.11,36,159,72,3.7,15.9,5.7,3,8.3,175,4.75,1
174,0,75,11.3,30,32,27,37,75,6,8.9,0.11,38.4,127,59,4,16.5,7.8,3,5.7,91,7.25,1
175,1,28,11.2,31,40,32,35,91,5,8.7,0.1,39.4,114,53,3.4,14.3,4.1,2,9.6,,6.54,1
176,1,40,11,31,17,29,34,84,5,8.3,0.15,34.7,184,75,3.7,15.2,6.5,3,8.9,129,6.64,1
177,0,26,9.1,26,21,33,34,96,4,9,0.09,40.4,102,73,2.7,13,5.2,2,7.5,71,6.55,1
178,0,30,9.6,26.6,11,35,37.3,94,3,7.7,0.2,35.8,255,84,2.7,16.5,9.9,2,9.6,127,4.79,1
179,1,39,12.3,35,22,26,34,77,2,11.1,0.13,41.1,119,75,4.6,14.6,10.4,1,12,188,4.73,1
180,1,71,10.2,29,27,22,34,65,4,8.5,0.18,40.2,213,67,4.5,17.6,10.7,2,6,108,9.32,1
181,1,43,11.7,33.2,24,32.5,35.4,92,4,8.3,0.1,37.4,123,70,3.6,13.1,5.9,2,14.2,170,3.82,1
182,0,72,10.1,28,33,30,35,86,4,9.7,0.18,41.8,189,61,3.3,17.2,5.3,2,8.6,76,4.55,1
183,1,44,10.6,30.7,32,29.6,34.4,86,5,10.5,0.1,42.2,126,61,3.5,15.3,5.5,2,7.9,99,7.47,1
184,0,68,11.9,33.6,12,29.5,35.5,83,3,10.7,0.1,43,155,83,4,15.3,9.2,2,6.5,84,6.36,1
185,0,31,9.6,26.9,22,30.5,35.7,85,4,8.5,0.1,39.6,178,72,3.1,17.9,5.1,2,11.1,178,4.02,1
186,1,68,9.2,25,11,35,35,99,3,9.5,0.2,39.6,212,84,2.5,13.9,6,2,12.8,191,3.92,1
187,1,32,7,19,16,31.2,37.1,84,5,8.4,0.1,38.4,208,76,2.2,14.1,5.9,3,15,198,3.8,1
188,0,47,9.6,26.9,23,28.7,35.4,81,3,8.9,0.1,39.4,218,72,3.3,15.3,10.7,2,7.3,104,5.99,1
189,1,49,9,24,26,31,37,84,10,7.7,0.07,35.2,95,60,2.8,16.2,5.5,4,12.4,144,4.35,1
190,1,32,10.5,29,18,32,36,91,7,9.8,0.17,41.2,172,71,3.1,12.9,4.5,4,9.6,145,6.37,1
191,1,62,9.2,26,14,22,35,62,5,7.4,0.13,38.6,177,79,4.1,16.9,10.1,2,7.7,114,7.18,1
192,0,53,8.7,24,26,22,36,61,6,7.5,0.11,37.2,141,65,3.9,18.7,5.6,3,5.2,56,8.65,1
193,1,43,10.6,30,10,28,34,82,2,10.9,0.23,41.1,210,87,3.7,14.3,7.7,1,9.2,156,6.3,1
194,0,29,9.2,25.5,24,32.8,36,91,5,9.7,0.1,39.3,179,68,2.8,14.6,7.3,3,9.8,136,4.71,1
195,1,32,10.2,28.21,28,35,36,97,8,7.6,0.11,36,151,60,2.9,12,4.8,4,12.9,143,4.53,1
196,1,42,9.4,26,11,32,35,92,8,10.5,0.19,41.9,180,77,2.8,14.5,5.8,4,10.6,171,5.37,1
197,1,62,10.1,28.8,22,28.4,34.9,81,4,7.2,0.1,36.9,172,72,3.5,15.5,6.9,2,10.9,153,4.81,1
198,0,73,10,28.9,42,29.5,34.6,85,4,7.4,0.1,37.2,145,52,3.3,13.6,4.8,2,4.8,69,8.89,1
199,1,48,10.6,30,11,29,34,85,5,10.9,0.08,41.8,76,81,3.5,16.2,5.5,3,13.2,112,4.06,1
200,0,53,9.7,27.4,24,31.9,35.2,91,4,7.8,0.1,36.4,218,70,3,17.1,5.7,2,10.4,148,3.89,1
201,1,51,11.4,32.02,13,30,35,84,5,8.3,0.28,38,337,79,3.8,17.4,8.9,3,14.2,188,3.69,1
202,0,60,9.7,26,19,27,36,77,1,8.1,0.41,37.4,503,80,3.4,18.1,12.9,0,6.1,102,7.02,1
203,1,39,10.1,28,35,31,35,90,10,10.7,0.29,41.7,271,52,3.1,14.8,8.4,3,7,99,8.81,1
204,1,59,9.6,26,12,28,37,77,1,7.7,0.23,36.6,301,86,3.4,17,11.8,1,5.8,127,10.06,1
205,1,80,9,25,28,29,36,81,4,9.8,0.24,40.5,274,66,3.1,16.4,6.8,2,6.3,122,8.6,1
206,1,61,11.1,31,24,30,35,84,4,8.1,0.2,38.4,246,70,3.6,14.3,7.2,2,10.8,105,4.88,1
207,0,70,10.7,30.9,17,28.1,34.6,81,3,9.7,0.2,40.9,208,76,3.8,13.7,8.3,2,9.3,126,4.18,1
208,1,63,10,28,14,30,34,88,3,9.8,0.14,40.2,141,81,3.2,14.8,5.4,2,8.9,98,6.06,1
209,0,61,9.1,24.8,19,30,37,82,1,8.5,0.15,37.7,179,79,3,14.7,8,1,9.9,92,4,1
210,1,48,7.5,20,27,29,36,79,8,8.4,0.16,38.6,190,61,2.5,14.6,4,4,7.2,112,8.17,1
211,0,39,12.4,38.1,32,27,32,84,7,10,0.21,15,216,59,4.5,41,9.5,2,10.6,132,4.05,1
212,0,35,8.9,26,25,33,34,96,10,14,0.13,42.8,92,61,2.7,12.5,4.9,4,9.4,160,4.75,1
213,1,35,9.9,35.84,23,30,34,83,8,8.9,0.09,36,106,66,2.7,20,3,3,11.2,138,5.23,1
214,1,35,9.4,35.19,37,29,32,89,8,9.8,0.14,39,144,52,2.6,20,4.5,3,13.4,179,4.26,1
215,1,66,13.8,41,16,31,34,90,7,9.3,0.16,38,174,74,4,13,4.5,3,6.7,132,8.32,1
216,0,48,11.8,36.3,35,27,32,85,7,10,0.23,15,230,55,4.2,41,5.6,3,9.5,123,4.4,1
217,0,53,11.8,47.29,15,32,33,95,10,8.9,0.14,39,152,70,3.7,21,7.1,5,11.6,167,3.43,1
218,1,34,7.9,23,15,27,33,80,7,10.4,0.27,15.6,261,75,2.9,46.2,14.4,3,11.5,217,5.11,1
219,0,47,9,25.2,22,32,35,90,6,10.1,0.26,40,254,68,2.8,14,10,4,8.9,135,4.77,1
220,1,63,11.8,33,22,27,35,77,3,8.8,0.16,39.4,187,73,4.3,16.5,9.2,2,11.1,155,4.69,1
221,0,36,12.3,34.7,30,31.8,35.4,90,4,9.4,0.1,39.6,177,63,3.8,15,6,3,8,109,5.69,1
222,0,36,9.3,27,26,30,34,90,7,12.7,0.16,0.16,126,66,3,15.3,5.3,3,9.8,142,4.5,1
223,0,52,10,27,15,35,36,99,3,8.9,0.33,39.4,367,81,2.7,16.2,7.8,1,6.8,191,6.37,1
224,1,66,11.1,31,14,30,35,88,5,8.9,0.15,39,172,78,3.6,12.6,5.2,3,6.6,116,8.47,1
225,0,42,9.8,27,35,33,35,95,4,8.9,0.17,38.8,190,59,2.9,14.7,5.3,2,4.2,64,11.61,1
226,0,14,10.4,29.5,28,28.1,35.4,79,4,8.6,0.1,37.2,185,66,3.7,14.9,6.3,2,8.9,100,6.1,1
227,1,48,9.7,28.9,20,30,33,91,8,9.3,0.18,15,201,68,3.1,44,7.1,4,NULL,207,,1
228,0,26,9.6,26,24,38.1,37,103,3,8.7,0.1,38.5,147,72,2.5,12.6,5,1,10.7,138,4.35,1
229,1,66,11.9,32.73,10,31,36,86,8,8.7,0.2,38,233,77,3.8,13,7.5,5,10.4,195,5.01,1
230,0,30,11.6,33.8,28,31.2,34.3,90.7,7,9.4,0.1,15.8,119,63,3.7,46.9,5,2,9.9,125,4.62,1
231,1,50,7.7,21.4,29,29.9,35.7,84,4,9.3,0.1,40.9,195,65,2.5,17.2,5.6,2,8.3,129,6.88,1
232,0,68,8.2,22,18,28,36,79,5,7.2,0.17,34.8,235,75,2.8,18.3,5.9,2,11.2,143,3.39,1
233,1,48,9,25,15,30,34,87,9,7.2,0.05,35,101,73,2.9,16.9,5.4,3,12,156,4.53,1
234,1,61,13.2,38,27,27,34,81,10,8.5,0.17,38.5,205,59,4.8,16.6,4.2,4,7.4,,7.54,1
235,1,50,8.8,24,12,29,36,80,4,7.7,0.17,36.4,219,82,3,21.5,8.2,2,10.4,144,5.3,1
236,1,38,7.2,19.2,12,32,37.5,85,2,10.3,0.27,41,261,85,2.3,16,8.7,1,11.7,132,4.89,1
237,1,40,10.9,29.9,24,30.8,36.4,85,4,8.8,0.1,39.8,217,70,3.5,13.2,6.5,2,6.3,86,9.89,1
238,0,36,11.2,30.2,35,31.4,36.9,85,4,7.9,0.1,38.1,155,58,3.5,15.7,4.3,3,7.8,72,5.86,1
239,0,44,11,32,27,29,35,84,5,6.6,0.11,34.6,162,65,3.8,16,6.7,2,13.3,,3.04,1
240,1,49,11.3,33,20,29,33,87,10,7.7,0.22,36.9,282,66,3.8,17.1,6.3,4,9,124,6.29,1
241,1,34,9.4,25,25,32,36,89,8,141.1,0.07,42.1,60,63,2.9,14.2,3.6,4,10.8,,5.49,1
242,1,67,13.7,37.26,36,31,36,85,8,6.7,0.12,33,185,53,4.3,12,5.3,3,0.8,30,96.42,0
243,0,49,11.8,34.7,37,28,33.9,82,4,8.4,0.2,37.9,303,57,4.2,13.7,4.7,2,0.8,32,76.24,0
244,1,21,15.4,42,12,28,36,77,3,9,0.17,37.9,184,84,5.5,14.2,10.5,1,0.5,22,209.9,0
245,0,35,12.2,35.7,35,26.9,34.2,79,3,10,0.2,40.8,232,60,4.5,11.9,5.4,2,0.6,25,113.77,0
246,1,68,11.8,32,3,29,37,79,2,8.2,0.39,37,471,93,4,18,17.9,2,5.3,158,10.84,0
247,1,66,13.6,38.6,27,29.2,35.3,83,3,7.3,0.1,36,227,69,4.6,14.7,9.3,1,0.8,29,96.72,0
248,0,36,9,24.21,12,30,37,82,4,6.5,0.09,32,147,83,2.9,15,10.3,1,2,64,28.19,0
249,1,55,12.5,35.4,43,28.4,35.3,81,6,7.2,0.2,35.8,296,48,4.4,12.2,7.9,3,0.8,23,100.36,0
250,1,33,10.1,27.82,20,29,36,82,7,9.1,0.21,39,226,70,3.3,12,6.3,3,12.6,196,4.62,0
251,1,83,10.5,28.5,11,31.4,36.7,86,4,7.9,0.1,37.7,173,82,3.3,12.8,7.7,3,2.8,98,21.75,0
252,0,66,12.2,38.3,18,28.4,31.9,89,3,8.8,0.3,38.6,426,77,4.3,13.2,11.9,2,5.8,185,7.3,0
253,0,29,9.3,26.05,12,30,35,84,4,7.8,0.46,37,954,83,3.1,13,10.6,1,3.6,121,14.95,0
254,0,51,13,38.1,46,25.9,34,76,3,6.8,0.1,33.4,279,49,5,14.6,6.6,2,0.8,28,75.62,0
255,0,61,11.4,31.4,25,32.7,36.3,90,4,7.2,0.06,32.3,111,68,3.4,18.8,5.6,3,3.6,44,12.85,0
256,0,60,8.6,23,22,29,35,83,10,7.6,0.17,36.6,224,64,2.8,13.2,4.6,4,3.7,106,12.5,0
257,0,31,9.7,30.8,10,28.8,35.1,82,4,9.6,0.2,40.7,212,83,3.7,14.5,7.8,3,3.8,77,13.86,0
258,1,83,9.7,28,16,30,35,86,5,8.4,0.17,38.6,198,76,3.3,14.4,4.3,3,2.6,101,23.69,0
259,1,65,13.8,39.3,22,30.1,35.1,86,3,8.7,0.2,39,255,73,4.6,13.4,7.1,2,2.9,71,21.95,0
260,0,70,13.1,41.1,19,30,35,86,3,8.4,0.1,37.2,224,78,4.8,14,8.2,0,1.7,54,29.71,0
261,1,65,12.7,36,31,30,35,85,8,9.1,0.19,37.8,211,57,4.2,11.7,5.4,4,1.9,66,35.75,0
262,0,43,11.8,33,16,21,35,61,2,8.1,0.16,40,198,80,5.5,18,10.5,2,0.8,22,78.29,0
263,1,56,10.6,29.64,4,19,36,55,4,43,0.16,43,114,91,5.4,17,17.7,1,4.9,100,12.35,0
264,1,46,14.4,39.1,23,31.1,36.9,85,2,7.8,0.12,38.5,148,73,4.6,14.9,6.6,2,2.6,56,26.71,0
265,1,83,14.3,43,20,28,33,85,5,10.1,0.04,37.2,71,72,5,16.6,4.3,3,2.3,112,27.29,0
266,0,63,14.3,39.9,15,27,35,75,2,7.3,0.21,35,285,82,5.2,17,9.4,1,0.9,36,63.24,0
267,0,71,12.3,35,10,23,34,68,11,6.6,0.33,34.2,500,70,5.2,20.9,21.3,9,3.8,104,11.71,0
268,1,67,12,33.37,26,32,36,91,5,7.1,0.21,34,285,67,3.6,15,8.8,2,4.6,116,12.81,0
269,0,74,10.9,31.7,28,21.1,34.5,61,3,8,0.1,40,154,68,5.2,16.6,4.5,1,1.8,63,27.5,0
270,1,33,12,33.34,7,28,35,79,2,8.9,0.34,38,381,91,4.2,17,9.5,0,11.1,252,5.35,0
271,0,50,14.6,41.3,30,30.2,35.4,85,4,7.6,0.2,36.9,333,64,4.8,13.6,9.8,2,1,57,58.69,0
272,1,33,15.1,45,32,30,35,88,3,8.8,0.33,39.2,382,64,5.1,12.1,7,1,1.3,75,63.58,0
273,1,59,11.6,31.99,16,31,36,86,4,10,0.3,40,297,80,3.7,11.9,11,0,1.6,94,44.46,0
274,0,60,10.7,31,21,29,34,84,5,9.2,0.26,39.2,285,71,3.7,15.3,9.8,3,1.6,78,32.88,0
275,0,70,12.2,33.51,33,32,36,88,8,9.9,0.06,40,93,55,3.8,13.2,4.9,4,1.7,61,29.71,0
276,1,49,10.5,29,17,26,35,74,2,8.2,0.13,38.6,160,81,3.9,17.6,11.2,0,5.5,118,11.11,0
277,1,73,12,33.86,31,33,35,95,4,7.9,0.17,37,218,64,3.5,11.9,7.3,1,1.2,43,59.35,0
278,0,55,14.3,42.63,26,28,33,85,4,12.1,0.26,45,215,67,5,12,6.6,3,2,88,25.87,0
279,1,65,10.4,31.03,7,29,36,80,3,10.1,0.21,40,206,90,3.8,15,8.6,1,2.6,82,24.9,0
280,1,83,10.4,29.53,37,31,35,89,6,9.3,0.12,38,132,54,3.3,16,4,3,1.2,27,57.82,0
281,0,72,10.9,29.7,16,31.7,36.7,87,6,7.3,0.3,36.1,439,74,3.4,12.7,6.9,4,2.2,73,21.94,0
282,1,98,10.3,27,10,28,37,77,3,7.8,0.35,36.4,442,85,3.5,15.2,18.7,2,2.1,142,29.31,0
283,1,30,11.8,31,29,32,37,85,3,7,0.17,33.8,248,66,3.6,14.9,4.4,2,1.3,29,64.82,0
284,1,10,14.6,39.55,42,28,37,77,3,6.8,0.17,34,250,54,5.1,14,5.6,1,0.8,29,141.86,0
285,1,49,10.9,29.76,19,26,36,76,5,7,0.17,19,250,74,4,19.6,7.7,2,6.1,108,9.86,0
286,1,83,10.3,27,13,31,37,83,3,7.4,0.17,33.8,228,83,3.3,14.9,6.6,1,3,85,20.08,0
287,0,43,6.9,18.9,32,21,35,62,5,6.6,0.1,32,156,61,3,16,5.4,2,5.9,102,7.8,0
288,1,37,11.1,30.47,8,26,36,74,2,7.2,0.26,35,362,88,4.1,21,11,2,7.7,153,7.97,0
289,1,72,10.1,27.54,23,33,36,90,5,7.7,0.23,35,303,70,3,15,8.8,2,3.1,136,19.91,0
290,0,71,13.4,38.2,5,23,35,66,4,7.5,0.6,37,775,91,5.8,21,16.4,2,3.3,84,13.78,0
291,0,71,13.4,32,34,33,42,80,6,7.4,0.16,36,219,58,4,16,5.7,2,3.3,91,13.78,0
292,1,47,8.9,23.48,21,31,37,83,3,8.4,0.2,38,243,74,2.8,17,8.5,2,6.9,107,8.62,0
293,0,36,10.5,28.49,31,32,37,87,5,6.3,0.15,32,240,61,3.2,17,6.7,3,0.9,48,70.85,0
294,1,70,7.2,18,27,30,38,79,3,7.3,0.15,35,203,68,2.3,18,7.1,2,4.5,93,13.02,0
295,1,8,11.2,29,10,27,39,69,3,5.7,0.23,31,411,85,4.2,16.8,21.6,2,2.7,86,36.47,0
296,0,65,8.9,24.9,23,19.8,36,55,3,6.6,0.16,34,235,72,4.5,18.8,10.9,2,2.9,54,16.29,0
297,0,55,13.4,38.28,15,28,34,82,2,7.3,0.16,38,221,81,4.6,14,8.6,2,1.2,46,46.64,0
298,1,31,13.9,39,26,31,36,86,6,7,0.16,34.5,233,65,4.5,13.8,7.8,3,2.2,73,35.09,0
299,1,24,12.9,37.97,10,33,36,92,2,8.8,0.16,37,179,88,4.1,13,10.9,0,1,35,91.8,0
300,0,34,14.7,38.7,12,30,38,81,2,8.1,0.27,37,334,84,4.8,13,12.9,2,0.9,35,71.67,0
301,0,55,10.8,35,22,25,34,74,2,7.4,0.25,36.4,332,76,4.8,18.7,9.6,0,1.3,53,42.53,0
302,1,76,15.3,44.59,21,29,34,86,5,10.5,0.14,43,134,71,5.2,13,5.5,3,2.6,94,24.12,0
303,1,65,13,36,17,30,35,87,3,7.5,0.19,37.7,248,79,4.2,13.6,8.7,1,1.8,97,38.06,0
304,1,38,15.1,42.9,8,31.7,35.1,90,3,7.6,0.2,36.9,260,87,4.7,15,17.8,2,2.4,55,30.45,0
305,0,71,13.1,36.45,5,23,36,66,4,7.8,0.55,36,701,91,5.5,20,18.4,0,2.7,76,17.37,0
306,1,65,11,33.1,26,30,35.1,85,3,8.5,0.1,39.2,185,69,3.8,13,5.7,2,1.4,55,50.86,0
307,1,49,10.3,28.7,11,27.2,35.8,76,3,7.8,0.1,38.4,189,84,3.7,19,11.8,2,6,174,10.04,0
308,0,55,12.2,34.33,26,29,35,82,5,9.5,0.17,41,178,65,4.1,14,5.3,4,2,94,25.87,0
309,0,52,9.8,28.1,24,28.5,35,81,4,6.6,0.1,33.8,292,70,3.4,13.9,6.4,2,1,44,58.22,0
310,0,65,9.1,25.96,18,19,35,56,8,7.5,0.21,37,273,70,4.6,17,8.5,4,3.8,101,11.92,0
311,1,24,15.7,44.9,11,29.2,35,83,3,7.1,0.1,35.5,178,84,5.3,13.5,9.8,2,1.4,40,62.26,0
312,0,70,12.1,34.2,21,31.1,35.3,88,3,9.8,0.1,41.9,168,75,3.8,12.6,6.1,1,0.8,39,70.91,0
313,1,70,10.2,27.82,19,33,36,90,4,8.5,0.2,38,234,75,3,13,7.1,2,3,112,20.79,0
314,0,64,10.2,27.82,30,26,36,71,2,9.5,0.23,40,239,66,3.9,18,7.2,2,1.7,116,30.26,0
315,1,57,10.2,32.8,9,29,36.5,80,4,8.4,0.2,37.9,321,85,4.1,14.8,17.1,2,1.2,68,62.41,0
316,1,59,14,44,23,31,34,91,3,9.6,0.22,41.2,228,73,4.9,14.2,8.2,1,0,24,,0
317,0,64,11,37.5,33,25,31,79,5,9,0.44,15,494,60,4.7,44,9.5,2,1.4,35,37.86,0
318,0,51,10.7,29.42,23,29,36,80,2,7.4,0.23,36,305,74,3.6,14.5,9,1,2.5,71,20.3,0
319,1,50,12.9,35.61,41,28,36,79,8,9.5,0.21,40,216,47,4.5,12.4,5.8,4,0.9,23,89.32,0
320,0,38,11,32.6,18,30.5,33.7,91,5,11.8,0.2,42.2,228,75,3.6,12.5,9.8,2,4.8,117,10.15,0
321,0,46,12.9,35.85,47,30,36,84,5,12.7,0.19,44,146,46,4.2,13,11.6,2,0.9,22,67.41,0
322,0,61,10.7,31.47,29,27,34,81,4,9.3,0.24,39,259,65,3.9,14,5.9,2,0.9,34,63.65,0
323,0,27,11.7,31,24,30,37,81,3,6,0.12,32.2,197,72,3.8,13.7,7.5,1,1.4,37,45.11,0
324,0,34,11.8,32.9,30,26,36,74,4,8.3,0.18,37,224,66,4.4,16,7.8,0,0.8,29,82.11,0
325,0,70,11.6,33,34,23,34,69,2,6.9,0.19,36,279,63,4.8,20.5,11,1,1.3,39,40.49,0
326,0,36,11.3,31,25,27.8,36.4,76,3,6.2,0.1,33.4,303,70,4,16.7,13.2,2,0.8,32,81.16,0
327,0,70,12.1,31.5,16,30,38,80,5,7.4,0.14,35,186,77,3.9,15,7.5,2,2.3,103,20.96,0
328,1,75,15.6,38,23,29,41,71,4,7.3,0.14,34,188,73,5.4,17.7,9.3,2,1.7,57,39.49,0
329,0,55,10.8,28.5,19,24.5,38.1,64,3,6.1,0.2,32.6,322,76,4.3,17.4,13,2,1.7,85,31.2,0
330,1,70,14.4,39.72,27,30,36,84,2,7.1,0.18,33,254,69,4.7,13,8.2,2,1.6,42,42.95,0
331,0,54,7,19.03,26,28,36,79,2,8.3,0.36,37,426,70,2.4,15.3,12.8,2,9.4,227,4.35,0
332,0,64,9.4,28,33,34,36,94,5,7.2,0.09,34.5,120,60,3,16.4,7,2,2.8,42,17.01,0
333,0,50,11,31.68,25,32,36,91,2,7.6,0.2,36,269,71,3.4,11.8,7.4,2,2,50,26.37,0
334,0,37,10.5,29.1,31,32.2,36.1,89,4,8,0.2,37.2,262,63,3.2,14.1,6.7,2,0.6,34,112.49,0
335,0,33,12.9,36,37,28,35,81,2,10.1,0.26,41.8,263,60,4.4,12.6,7,1,0.6,27,115.13,0
336,0,40,13.1,37.7,26,27.2,34.7,78,3,7.2,0.3,34.8,432,70,4.8,15.4,9.2,1,0.8,30,79.44,0
337,1,76,12.2,38.4,11,27.8,34.8,80,3,8.4,0.2,38.1,237,85,4.8,15.3,12.6,1,3,81,20.45,0
338,0,63,10,29,27,26,34.8,75,4,8,0.06,38,74,65,3.8,38.6,4.7,4,1.47,29,35.9,0
339,0,49,8.9,25.88,15,29,34,85,6,7.6,0.26,37,345,75,3,15,7.9,4,1.8,35,29.91,0
340,0,46,12.8,38.39,38,29,34,84,3,11.3,0.16,42,143,58,4.5,13,6.8,1,1.1,39,53.47,0
341,0,20,8.5,26,47,20,32,62,2,9.1,0.27,40.2,293,50,4.3,17.7,4.4,1,0.6,22,127.45,0
342,1,29,15.8,46,5,29,34,85,3,7.8,0.2,37.9,259,91,5.4,12.4,12.1,1,1.1,31,79.14,0
343,0,37,13.9,39.6,28,27.1,35.1,77,3,8.5,0.2,39,298,67,5.1,13.6,9.4,2,0.9,28,70.45,0
344,0,70,11.5,32,30,29,34,86,4,8.1,0.23,36.9,281,64,3.8,13.4,7.7,2,2.1,69,23.28,0
345,0,49,8.3,24,14,28,34,83,4,8.1,0.32,38.4,395,80,2.9,13.9,8.5,2,1.6,58,34.26,0
346,0,37,9.8,26.73,25,31,36,86,2,8.8,0.2,39,231,71,3.1,12,8.6,2,1.2,41,50.55,0
347,0,31,10.8,31.2,27,26.1,34.5,75,5,10.7,0.2,41,263,66,4.1,17.9,7.7,2,0.6,22,116.6,0
348,1,38,16.1,46,29,29,35,83,3,10.4,0.19,41.4,178,67,5.6,12.8,6.6,1,0.7,22,126.21,0
349,0,65,13.9,38.9,37,25,36,72,2,10.6,0.2,50,191,59,5.42,14.7,15,2,1.1,56,49.85,0
350,0,50,13,37.08,21,25,35,72,4,6.3,0.19,33,293,73,5.1,16.5,9.8,2,0.9,29,66.28,0
351,0,86,14.7,40.1,20,26.7,36.7,73,2,6.8,0.1,35.3,158,77,5.5,15.2,11.7,1,0.8,34,68.01,0
352,0,60,14.3,41,33,26,34,77,3,8.5,0.17,39,201,63,5.3,15.2,10.1,1,0.7,29,85.36,0
353,0,77,9.1,25.6,38,31.6,35.5,89,4,8.3,0.1,37.7,156,56,2.8,14.6,8.6,2,3.2,96,14.05,0
354,0,38,11.1,31.72,25,31,35,91,3,7.1,0.11,34,154,71,3.4,14,7.4,1,2.8,108,18.91,0
355,1,73,14.1,39.15,17,28,36,78,4,7,0.11,33,157,78,5,16,7.3,1,1.5,53,45.87,0
356,1,70,7.5,19.8,14,29,38,77,1,6.3,0.13,32,205,84,2.6,17,8.8,1,6.9,181,7.95,0
357,0,21,12.2,33.2,19,27.2,36.6,74,3,6.9,0.1,34.2,219,76,4.4,14.3,9.4,2,0.8,21,90.55,0
358,1,38,13.7,39.76,32,29,34,84,2,6.6,0.18,35,267,66,4.7,14,7.3,0,1,38,83.63,0
359,1,59,13.2,36.6,18,27.6,35.9,77,4,5.7,0.1,30.7,218,76,4.7,15.4,6.2,2,0.8,18,98.94,0
360,1,40,14.6,41.42,16,29,35,83,4,6.9,0.16,33,234,79,4.9,14,6.7,1,0.8,19,107.07,0
361,0,72,12.4,33,22,27,36,75,4,7,0.26,34.8,375,72,4.5,17.1,8.5,2,0.8,23,70.51,0
362,0,70,13.2,35,32,29,37,78,5,8.1,0.13,37.7,163,60,4.5,14.8,9.8,3,1.6,49,31.87,0
363,0,65,13.6,36.79,22,29,37,81,4,6.8,0.18,35,261,73,4.5,14,11.3,1,0.9,36,62.84,0
364,1,6,13.1,34,35,30,38.3,78,3,6.5,0.17,33,268,61,4.4,15.4,10.8,1,0.8,32,157.36,0
365,1,64,11.6,31,21,25,36,70,4,6.1,0.1,31,168,73,4.5,19.5,8.3,2,1.9,44,35.87,0
366,1,37,10.6,28.9,5,28.9,36.7,79,3,7.4,0.2,33.8,343,90,3.6,20.1,8.4,2,8.4,147,7.21,0
367,1,35,13.5,36,13,28,37,75,3,8.4,0.03,34,40,82,4.8,16.3,3.9,2,0.9,35,96.03,0
368,0,39,13.6,37.06,29,28,36,78,4,7,0.2,34,280,65,4.7,14,6.8,2,0.8,23,79.85,0
369,1,85,14.6,38.5,28,32,38,85,7,8.1,0.12,35,149,59,4.5,12.6,6.5,6,1.4,36,48.17,0
370,0,70,14,40.7,27,29,36,84,1,9,0.26,40,293,71,4.8,13.7,9,1,1,32,54.81,0
371,1,33,16.1,46.47,27,28,34,81,5,7.6,0.2,36,262,65,5.7,13,6.8,3,1,29,86.06,0
372,0,57,10.2,33,19,25,34,75,3,7.8,0.19,37.4,241,77,4.4,16.7,12.7,1,0.7,25,86.25,0
373,0,52,11.1,34,26,29,34,86,5,8.1,0.19,37.1,230,67,4,15.7,8,3,1.8,70,29.55,0
374,0,43,14.8,44,20,29,35,85,2,6.8,0.18,34.5,267,78,5.2,12.5,6,0,0.8,22,78.29,0
375,0,50,8.3,23,16,27,35,78,2,6.9,0.3,34.5,429,81,3,14.8,8.9,1,4.7,127,9.84,0
376,0,53,14.4,41,22,27,34,78,2,8.6,0.27,38.8,312,76,5.3,13.2,8.2,0,0.7,26,87.53,0
377,1,67,11.3,31,8,31,35,87,8,7.6,0.2,32.7,266,80,3.6,14.7,8.1,4,8.2,275,6.57,0
378,1,43,12,35.2,8,30,35.1,86,3,7.4,0.2,34.2,325,88,4.1,16.6,13.7,1,1.5,35,51.08,0
379,1,63,14.2,39.62,23,31,35,88,4,7,0.19,34,275,71,4.5,14.4,7.5,2,1.2,40,61.15,0
380,0,38,11.5,32.01,15,33,36,93,2,7.1,0.27,34,381,82,3.4,15,10.3,1,2.8,79,18.91,0
381,1,91,13.5,37.6,12,30.3,35.9,86,3,10.5,0.1,43.7,178,83,4.4,14.9,11.3,2,0.8,40,90.61,0
382,1,39,15.4,44,6,28.7,35.1,82,3,8.6,0.2,40,327,89,5.3,15.1,12.7,2,1.6,58,48.36,0
383,1,39,14.2,43.5,8,28.7,35.5,81,3,7.4,0.2,35.8,519,89,5.3,15.7,15.9,0,1.9,41,39.66,0
384,0,68,8.1,22.8,11,28.4,32.4,74,5,7,0.2,36.3,316,82,3,16.1,9.3,2,1.8,69,27.98,0
385,0,52,12.1,34,22,29.5,35.6,83,4,8.7,0.2,39.8,281,72,4.1,13.9,9.1,2,6.4,88,6.84,0
386,1,60,13.5,42.3,37,28.8,34.8,83,3,8.2,0.2,37.9,286,58,5.1,13,9.2,2,0.8,20,98.61,0
387,1,58,12.6,39,32,30,34,89,4,7.4,0.18,35.4,245,62,4.4,14.6,6,2,1.1,26,68.75,0
388,0,27,10.1,28,13,29,35,81,2,6.4,0.15,34.6,233,85,3.4,16.9,6.3,0,0.5,25,148,0
389,0,62,12.7,37,29,28,34,81,3,7.8,0.22,37.7,282,66,4.5,12.2,7.9,2,0.8,36,72.68,0
390,0,42,13.2,37.7,29,28.2,35.1,80,5,8.1,0.29,37.4,362,64,4.69,14.6,7.96,2,0.9,40,68.66,0
391,1,55,10,28,17,28,35,79,2,6.6,0.1,35,149,79,3.5,16,7.2,2,12.9,104,4.06,0
392,1,75,15.3,43.7,26,28.5,35.1,81,5,6.3,0.09,33,147,66,5.37,15.5,7.02,3,1.2,30,59.02,0
393,0,51,13.3,35,23,28,37,74,3,5.9,0.14,33,238,72,4.7,16.3,9.2,2,0.9,21,66.01,0
394,1,73,12.4,33.2,15,25.1,37.3,67,4,6.3,0.2,33.8,289,78,4.9,17.5,7.2,3,1.5,26,45.87,0
395,1,67,13.8,34.51,23,31,39,80,2,7.8,0.15,39,189,73,4.3,14,8.2,2,2.9,58,21.81,0
396,0,69,15.8,40,13,31,40,77,3,6.7,0.14,34.6,214,83,5.2,15.2,9.3,1,0.9,35,62.08,0
397,1,44,15.4,45.8,19,32.4,35.4,91,4,7.2,0.2,36,274,75,5,12.9,9.7,2,0.8,37,105.01,0
398,0,53,12.2,34,26,28,35,81,8,7.2,0.17,34.8,241,72,4.2,13.7,9.1,4,0.9,41,65.5,0
