id,age,bp,sg,al,su,rbc,pc,pcc,ba,bgr,bu,sc,sod,pot,hemo,pcv,wc,rc,htn,dm,cad,appet,pe,ane,classification
3,48.0,70.0,1.005,4.0,0.0,1,0,1,0,117.0,56.0,3.8,111.0,2.5,11.2,17,49,17,1,0,0,1,1,1,0
5,60.0,90.0,1.015,3.0,0.0,1,1,0,0,74.0,25.0,1.1,142.0,3.2,12.2,24,59,22,1,1,0,0,1,0,0
9,53.0,90.0,1.02,2.0,0.0,0,0,1,0,70.0,107.0,7.2,114.0,3.7,9.5,14,13,15,1,1,0,1,0,1,0
11,63.0,70.0,1.01,3.0,0.0,0,0,1,0,380.0,60.0,2.7,131.0,4.2,10.8,17,32,16,1,1,0,1,1,0,0
12,68.0,70.0,1.015,3.0,1.0,1,1,1,0,208.0,72.0,2.1,138.0,5.8,9.7,13,14,12,1,1,1,1,1,0,0
14,68.0,80.0,1.01,3.0,2.0,1,0,1,1,157.0,90.0,4.1,130.0,6.4,5.6,2,6,4,1,1,1,1,1,0,0
15,40.0,80.0,1.015,3.0,0.0,1,1,0,0,76.0,162.0,9.6,141.0,4.9,7.6,9,29,6,1,0,0,0,0,1,0
18,60.0,100.0,1.025,0.0,3.0,1,1,0,0,263.0,27.0,1.3,135.0,4.3,12.7,22,9,21,1,1,1,0,0,0,0
20,61.0,80.0,1.015,2.0,0.0,0,0,0,0,173.0,148.0,3.9,135.0,5.2,7.7,9,71,10,1,1,1,1,1,1,0
21,60.0,90.0,1.02,0.0,0.0,1,1,0,0,118.0,180.0,76.0,4.5,4.4,10.9,17,44,14,1,1,1,0,0,0,0
22,48.0,80.0,1.025,4.0,0.0,1,0,0,0,95.0,163.0,7.7,136.0,3.8,9.8,17,51,12,1,0,0,0,0,1,0
24,42.0,100.0,1.015,4.0,0.0,1,0,0,1,118.0,50.0,1.4,129.0,4.0,11.1,24,64,24,1,0,0,1,0,0,0
25,61.0,60.0,1.025,0.0,0.0,1,1,0,0,108.0,75.0,1.9,141.0,5.2,9.9,14,65,15,1,1,0,0,0,1,0
26,75.0,80.0,1.015,0.0,0.0,1,1,0,0,156.0,45.0,2.4,140.0,3.4,11.6,20,1,18,1,1,0,1,0,0,0
27,69.0,70.0,1.01,3.0,4.0,1,0,0,0,264.0,87.0,2.7,130.0,4.0,12.5,22,75,19,1,1,1,0,1,0,0
31,73.0,90.0,1.015,3.0,0.0,1,0,1,0,107.0,33.0,1.5,141.0,4.6,10.1,15,59,18,0,0,0,1,0,0,0
32,61.0,90.0,1.01,1.0,1.0,1,1,0,0,159.0,39.0,1.5,133.0,4.9,11.3,19,75,18,1,1,0,1,0,0,0
36,76.0,70.0,1.015,1.0,0.0,1,1,0,0,92.0,29.0,1.8,133.0,3.9,10.3,17,77,23,1,0,0,0,0,0,0
37,72.0,80.0,1.02,0.0,0.0,1,1,0,0,137.0,65.0,3.4,141.0,4.7,9.7,13,51,3,1,1,0,1,0,1,0
38,69.0,80.0,1.02,3.0,0.0,0,1,0,0,118.0,103.0,4.1,132.0,5.9,12.5,37,77,23,1,0,0,0,0,0,0
39,82.0,80.0,1.01,2.0,2.0,1,1,0,0,140.0,70.0,3.4,136.0,4.2,13.0,25,77,20,1,1,0,0,0,0,0
42,47.0,100.0,1.01,0.0,0.0,1,1,0,0,204.0,29.0,1.0,139.0,4.2,9.7,18,71,23,1,0,0,0,0,1,0
43,35.0,80.0,1.01,1.0,0.0,0,1,0,0,79.0,202.0,10.8,134.0,3.4,7.9,9,60,9,0,1,0,0,0,0,0
44,54.0,80.0,1.01,3.0,0.0,0,0,0,0,207.0,77.0,6.3,134.0,4.8,9.7,13,77,23,1,1,0,1,1,0,0
46,48.0,70.0,1.015,0.0,0.0,1,1,0,0,124.0,24.0,1.2,142.0,4.2,12.4,22,46,25,0,1,0,0,0,0,0
48,73.0,70.0,1.005,0.0,0.0,1,1,0,0,70.0,32.0,0.9,125.0,4.0,10.0,14,25,13,1,1,0,0,1,0,0
50,53.0,60.0,1.02,0.0,0.0,1,1,0,0,91.0,114.0,3.25,142.0,4.3,8.6,13,6,16,1,1,0,1,1,1,0
54,63.0,80.0,1.01,2.0,2.0,1,1,0,0,118.0,41.0,3.4,136.0,4.2,13.0,25,77,20,1,0,1,0,0,0,0
56,76.0,70.0,1.015,3.0,4.0,1,0,1,0,118.0,164.0,9.7,131.0,4.4,10.2,15,8,12,1,1,1,1,1,0,0
58,73.0,80.0,1.02,2.0,0.0,0,0,0,0,253.0,142.0,4.6,138.0,5.8,10.5,18,54,21,1,1,1,0,0,0,0
61,67.0,80.0,1.01,1.0,3.0,1,0,0,0,182.0,391.0,32.0,163.0,39.0,13.6,37,77,23,0,0,0,0,1,0,0
62,15.0,60.0,1.02,3.0,0.0,1,1,0,0,86.0,15.0,0.6,138.0,4.0,11.0,18,58,16,1,1,0,0,0,0,0
63,46.0,70.0,1.015,1.0,0.0,0,1,0,0,150.0,111.0,6.1,131.0,3.7,7.5,12,77,23,0,0,0,0,0,1,0
66,67.0,70.0,1.02,2.0,0.0,0,1,0,0,150.0,55.0,1.6,131.0,4.8,13.6,37,77,23,1,1,0,0,1,0,0
70,61.0,80.0,1.015,0.0,4.0,1,1,0,0,360.0,19.0,0.7,137.0,4.4,15.2,29,64,30,1,1,0,0,0,0,0
71,46.0,60.0,1.01,1.0,0.0,1,1,0,0,163.0,92.0,3.3,141.0,4.0,9.8,13,20,10,1,1,0,0,0,0,0
73,53.0,100.0,1.015,2.0,0.0,0,0,0,0,129.0,107.0,6.7,132.0,4.4,4.8,0,45,23,1,0,0,0,1,1,0
74,56.0,90.0,1.015,2.0,0.0,0,0,0,0,129.0,107.0,6.7,131.0,4.8,9.1,14,46,12,1,0,0,0,0,0,0
76,48.0,80.0,1.005,4.0,0.0,0,0,0,1,133.0,139.0,8.5,132.0,5.5,10.3,21,44,18,0,1,0,0,1,0,0
77,67.0,70.0,1.01,1.0,0.0,1,1,0,0,102.0,48.0,3.2,137.0,5.0,11.9,19,53,15,1,1,0,0,1,0,0
80,74.0,80.0,1.01,0.0,0.0,1,1,0,0,132.0,98.0,2.8,133.0,5.0,10.8,16,73,16,1,1,0,0,0,0,0
81,45.0,90.0,1.02,0.0,0.0,1,1,0,0,360.0,45.0,2.4,128.0,4.4,8.3,14,39,15,1,1,0,0,0,0,0
83,48.0,70.0,1.015,1.0,0.0,1,1,0,0,127.0,19.0,1.0,134.0,3.6,13.6,37,77,23,1,1,0,0,0,0,0
84,59.0,70.0,1.01,3.0,0.0,1,0,0,0,76.0,186.0,15.0,135.0,7.6,7.1,7,29,0,1,0,0,1,1,1,0
90,63.0,100.0,1.01,2.0,2.0,1,1,0,1,280.0,35.0,3.2,143.0,3.5,13.0,25,77,20,1,0,1,0,0,0,0
91,56.0,70.0,1.015,4.0,1.0,0,1,0,0,210.0,26.0,1.7,136.0,3.8,16.1,37,16,34,0,0,0,0,0,0,0
92,71.0,70.0,1.01,3.0,0.0,1,0,1,1,219.0,82.0,3.6,133.0,4.4,10.4,18,40,14,1,1,1,0,0,0,0
93,73.0,100.0,1.01,3.0,2.0,0,0,1,0,295.0,90.0,5.6,140.0,2.9,9.2,15,52,10,1,1,1,1,0,0,0
94,65.0,70.0,1.01,0.0,0.0,1,1,0,0,93.0,66.0,1.6,137.0,4.5,11.6,21,11,17,0,1,0,0,0,0,0
97,65.0,60.0,1.015,1.0,0.0,1,1,0,0,91.0,51.0,2.2,132.0,3.8,10.0,17,70,18,1,1,0,1,1,0,0
98,50.0,140.0,1.02,0.0,0.0,1,1,0,0,101.0,106.0,6.5,135.0,4.3,6.2,4,42,1,1,1,0,1,0,1,0
99,56.0,180.0,1.02,0.0,4.0,1,0,0,0,298.0,24.0,1.2,139.0,3.9,11.2,17,2,20,1,1,0,1,1,0,0
100,34.0,70.0,1.015,4.0,0.0,0,0,0,0,153.0,22.0,0.9,133.0,3.8,13.6,37,77,23,0,0,0,0,1,0,0
101,71.0,90.0,1.015,2.0,0.0,1,0,1,1,88.0,80.0,4.4,139.0,5.7,11.3,18,4,17,0,0,0,0,0,0,0
102,17.0,60.0,1.01,0.0,0.0,1,1,0,0,92.0,32.0,2.1,141.0,4.2,13.9,37,52,23,0,0,0,0,0,0,0
105,65.0,80.0,1.015,0.0,0.0,1,1,0,0,115.0,32.0,11.5,139.0,4.0,14.1,27,50,30,0,0,0,0,0,0,0
106,50.0,90.0,1.02,0.0,0.0,1,1,0,0,89.0,118.0,6.1,127.0,4.4,6.0,3,47,23,1,1,0,0,1,1,0
107,55.0,100.0,1.015,1.0,4.0,1,1,0,0,297.0,53.0,2.8,139.0,4.5,11.2,19,19,22,1,1,0,0,0,0,0
108,45.0,80.0,1.015,0.0,0.0,1,0,0,0,107.0,15.0,1.0,141.0,4.2,11.8,22,0,20,0,0,0,0,0,0,0
110,63.0,90.0,1.015,0.0,0.0,1,1,0,0,123.0,19.0,2.0,142.0,3.8,11.7,19,9,25,0,0,0,0,0,0,0
111,65.0,80.0,1.01,3.0,3.0,1,1,0,0,294.0,71.0,4.4,128.0,5.4,10.0,17,69,17,1,1,1,0,0,0,0
117,53.0,70.0,1.02,0.0,0.0,1,1,0,0,219.0,36.0,1.3,139.0,3.7,12.5,22,77,22,0,0,0,0,0,0,0
126,70.0,90.0,1.015,0.0,0.0,1,1,0,0,144.0,125.0,4.0,136.0,4.6,12.0,22,63,23,1,1,0,1,1,0,0
127,71.0,60.0,1.015,4.0,0.0,1,1,0,0,118.0,125.0,5.3,136.0,4.9,11.4,20,21,21,1,1,0,1,1,0,0
128,52.0,90.0,1.015,4.0,3.0,1,0,0,0,224.0,166.0,5.6,133.0,47.0,8.1,8,34,7,1,1,0,0,0,1,0
130,50.0,90.0,1.01,2.0,0.0,1,0,1,1,128.0,208.0,9.2,134.0,4.8,8.2,7,23,5,0,0,0,1,1,1,0
132,50.0,80.0,1.02,0.0,0.0,1,1,0,0,219.0,176.0,13.8,136.0,4.5,8.6,9,18,5,1,0,0,0,1,1,0
133,70.0,100.0,1.015,4.0,0.0,1,1,0,0,118.0,125.0,5.3,136.0,4.9,12.0,22,65,44,1,0,0,0,0,0,0
134,47.0,100.0,1.01,0.0,0.0,1,1,0,0,122.0,41.0,16.9,138.0,5.2,10.8,18,0,16,0,1,0,0,0,0,0
137,45.0,60.0,1.01,2.0,0.0,1,0,1,0,268.0,86.0,4.0,134.0,5.1,10.0,14,71,23,1,1,0,0,0,0,0
141,67.0,70.0,1.01,1.0,0.0,1,1,0,0,118.0,106.0,6.0,137.0,4.9,6.1,5,47,23,1,0,0,0,0,1,0
143,41.0,80.0,1.015,1.0,4.0,0,1,0,0,210.0,165.0,18.0,135.0,4.7,13.6,37,77,23,0,1,0,0,0,0,0
144,60.0,90.0,1.01,2.0,0.0,0,1,0,0,105.0,53.0,2.3,136.0,5.2,11.1,18,3,19,0,0,0,0,0,0,0
145,57.0,90.0,1.015,5.0,0.0,0,0,0,1,118.0,322.0,13.0,126.0,4.8,8.0,9,30,11,1,1,1,1,1,1,0
146,53.0,100.0,1.01,1.0,3.0,0,1,0,0,213.0,23.0,1.0,139.0,4.0,13.6,37,77,23,0,1,0,0,0,0,0
147,60.0,60.0,1.01,3.0,1.0,1,0,1,0,288.0,36.0,1.7,130.0,3.0,7.9,10,21,8,1,0,0,1,0,1,0
153,55.0,90.0,1.01,2.0,1.0,0,0,0,0,273.0,235.0,14.2,132.0,3.4,8.3,7,20,7,1,1,0,1,1,1,0
154,56.0,90.0,1.005,4.0,3.0,0,0,0,0,242.0,132.0,16.4,140.0,4.2,8.4,11,77,8,1,1,0,1,1,1,0
157,62.0,70.0,1.025,3.0,0.0,1,0,0,0,122.0,42.0,1.7,136.0,4.7,12.6,24,60,17,1,1,0,0,0,0,0
158,71.0,60.0,1.02,3.0,2.0,1,1,1,0,424.0,48.0,1.5,132.0,4.0,10.9,16,77,23,1,1,1,0,0,0,0
159,59.0,80.0,1.01,1.0,0.0,0,1,0,0,303.0,35.0,1.3,122.0,3.5,10.4,20,5,21,0,1,0,1,0,0,0
160,81.0,60.0,1.02,0.0,0.0,1,1,0,0,148.0,39.0,2.1,147.0,4.2,10.9,20,73,2,1,1,1,1,1,0,0
162,59.0,70.0,1.02,0.0,0.0,1,1,0,0,204.0,34.0,1.5,124.0,4.1,9.8,22,43,23,0,1,0,0,0,0,0
163,46.0,80.0,1.01,0.0,0.0,1,1,0,0,160.0,40.0,2.0,140.0,4.1,9.0,12,62,10,1,0,0,1,0,1,0
164,14.0,80.0,1.015,0.0,0.0,1,1,0,0,192.0,15.0,0.8,137.0,4.2,14.3,25,74,32,0,1,0,1,1,0,0
170,66.0,70.0,1.015,2.0,5.0,1,1,0,0,447.0,41.0,1.7,131.0,3.9,12.5,18,75,22,1,1,0,0,0,0,0
171,83.0,70.0,1.02,3.0,0.0,1,1,0,0,102.0,60.0,2.6,115.0,5.7,8.7,11,17,9,1,0,0,1,0,1,0
172,62.0,80.0,1.01,1.0,2.0,1,1,0,0,309.0,113.0,2.9,130.0,2.5,10.6,19,17,27,0,0,0,0,0,0,0
173,17.0,70.0,1.015,1.0,0.0,0,1,0,0,22.0,1.5,7.3,145.0,2.8,13.1,26,7,23,0,0,0,0,0,0,0
174,54.0,70.0,1.02,0.0,0.0,1,1,0,0,111.0,146.0,7.5,141.0,4.7,11.0,20,67,24,0,0,0,0,0,0,0
175,60.0,50.0,1.01,0.0,0.0,1,1,0,0,261.0,58.0,2.2,113.0,3.0,13.6,37,30,12,1,0,0,0,0,0,0
176,21.0,90.0,1.01,4.0,0.0,1,0,1,1,107.0,40.0,1.7,125.0,3.5,8.3,8,15,17,0,0,0,0,0,1,0
178,42.0,90.0,1.02,2.0,0.0,0,0,1,0,93.0,153.0,2.7,139.0,4.3,9.8,19,77,23,0,0,0,1,1,1,0
181,45.0,70.0,1.025,2.0,0.0,1,0,1,0,117.0,52.0,2.2,136.0,3.8,10.0,15,26,15,0,0,0,0,0,0,0
184,54.0,60.0,1.015,3.0,2.0,1,0,0,0,352.0,137.0,3.3,133.0,4.5,11.3,16,42,14,1,1,1,1,1,0,0
186,8.0,50.0,1.02,4.0,0.0,1,1,0,0,118.0,46.0,1.0,135.0,3.8,13.6,37,77,23,0,0,0,0,1,0,0
189,64.0,60.0,1.01,4.0,1.0,0,0,0,1,239.0,58.0,4.3,137.0,5.4,9.5,14,57,12,1,1,0,1,1,0,0
190,6.0,60.0,1.01,4.0,0.0,0,0,0,1,94.0,67.0,1.0,135.0,4.9,9.9,15,24,26,0,0,0,1,0,0,0
191,53.0,70.0,1.01,3.0,0.0,1,1,0,0,110.0,115.0,6.0,134.0,2.7,9.1,11,71,12,1,1,0,1,0,0,0
193,32.0,90.0,1.025,1.0,0.0,0,0,0,0,118.0,223.0,18.1,113.0,6.5,5.5,1,27,6,1,1,0,1,1,1,0
195,70.0,90.0,1.02,2.0,1.0,0,0,0,1,184.0,98.6,3.3,138.0,3.9,5.8,37,77,23,1,1,1,1,0,0,0
196,49.0,100.0,1.01,3.0,0.0,0,0,0,0,129.0,158.0,11.8,122.0,3.2,8.1,9,75,13,1,1,0,1,1,1,0
197,57.0,80.0,1.02,0.0,0.0,1,1,0,0,118.0,111.0,9.3,124.0,5.3,6.8,37,31,8,1,1,0,0,0,1,0
198,59.0,100.0,1.02,4.0,2.0,1,1,0,0,252.0,40.0,3.2,137.0,4.7,11.2,15,28,17,1,1,0,1,1,0,0
199,65.0,80.0,1.015,0.0,0.0,1,1,0,0,92.0,37.0,1.5,140.0,5.2,8.8,10,4,10,1,0,1,0,1,0,0
200,90.0,90.0,1.025,1.0,0.0,1,1,0,0,139.0,89.0,3.0,140.0,4.1,12.0,22,60,17,1,1,0,0,0,0,0
204,65.0,90.0,1.01,4.0,2.0,1,1,0,0,172.0,82.0,13.5,145.0,6.3,8.8,16,77,23,1,1,0,0,1,1,0
210,59.0,100.0,1.015,4.0,2.0,1,1,0,0,255.0,132.0,12.8,135.0,5.7,7.3,6,77,17,1,1,1,0,0,1,0
212,40.0,70.0,1.015,3.0,4.0,1,1,0,0,253.0,150.0,11.9,132.0,5.6,10.9,16,68,12,1,1,0,1,1,0,0
213,55.0,80.0,1.01,3.0,1.0,1,0,1,1,214.0,73.0,3.9,137.0,4.9,10.9,19,56,15,1,1,0,0,1,0,0
217,63.0,100.0,1.01,1.0,0.0,1,1,0,0,78.0,61.0,1.8,141.0,4.4,12.2,21,3,21,0,1,0,0,0,0,0
221,66.0,70.0,1.02,1.0,0.0,1,1,0,0,248.0,30.0,1.7,138.0,5.3,13.6,37,77,23,1,1,0,0,0,0,0
223,71.0,90.0,1.01,0.0,3.0,1,1,0,0,303.0,30.0,1.3,136.0,4.1,13.0,23,71,24,1,1,0,0,0,0,0
225,60.0,90.0,1.01,3.0,5.0,0,1,0,1,490.0,95.0,2.7,131.0,3.8,11.5,20,12,23,1,1,0,0,0,0,0
226,64.0,100.0,1.015,4.0,2.0,0,0,0,1,163.0,54.0,7.2,140.0,4.6,7.9,11,57,12,1,1,0,0,1,0,0
229,59.0,50.0,1.01,3.0,0.0,1,0,0,0,241.0,191.0,12.0,114.0,2.9,9.6,16,22,16,0,1,0,0,1,0,0
230,65.0,60.0,1.01,2.0,0.0,1,0,1,0,192.0,17.0,1.7,130.0,4.3,13.6,37,74,23,1,1,0,1,0,0,0
233,51.0,100.0,1.015,2.0,0.0,1,1,0,1,93.0,20.0,1.6,146.0,4.5,13.6,37,77,23,0,0,0,1,0,0,0
239,34.0,90.0,1.015,2.0,0.0,1,1,0,0,104.0,50.0,1.6,137.0,4.1,11.9,24,77,23,0,0,0,0,0,0,0
241,57.0,70.0,1.015,1.0,0.0,1,0,0,0,165.0,45.0,1.5,140.0,3.3,10.4,16,30,17,0,0,0,0,0,0,0
242,69.0,70.0,1.01,4.0,3.0,1,0,1,1,214.0,96.0,6.3,120.0,3.9,9.4,13,10,11,1,1,1,0,1,1,0
243,62.0,90.0,1.02,2.0,1.0,1,1,0,0,169.0,48.0,2.4,138.0,2.9,13.4,32,6,39,1,0,0,0,0,0,0
244,64.0,90.0,1.015,3.0,2.0,1,0,1,0,463.0,64.0,2.8,135.0,4.1,12.2,25,77,24,1,1,0,0,0,1,0
245,48.0,100.0,1.02,0.0,0.0,1,1,0,0,103.0,79.0,5.3,135.0,6.3,6.3,5,54,4,1,0,1,1,0,0,0
246,48.0,110.0,1.015,3.0,0.0,0,1,1,0,106.0,215.0,15.2,120.0,5.7,8.6,11,34,3,1,0,1,0,0,1,0
247,54.0,90.0,1.025,1.0,0.0,1,0,0,0,150.0,18.0,1.2,140.0,4.2,13.6,37,77,23,0,0,0,1,1,1,0
248,59.0,70.0,1.01,1.0,3.0,0,0,0,0,424.0,55.0,1.7,138.0,4.5,12.6,22,0,19,1,1,1,0,0,0,0
249,56.0,90.0,1.01,4.0,1.0,1,0,1,0,176.0,309.0,13.3,124.0,6.5,3.1,40,38,0,1,1,0,1,1,1,0
250,40.0,80.0,1.025,0.0,0.0,1,1,0,0,140.0,10.0,1.2,135.0,5.0,15.0,33,2,23,0,0,0,0,0,0,1
251,23.0,80.0,1.025,0.0,0.0,1,1,0,0,70.0,36.0,1.0,150.0,4.6,17.0,37,77,28,0,0,0,0,0,0,1
252,45.0,80.0,1.025,0.0,0.0,1,1,0,0,82.0,49.0,0.6,147.0,4.4,15.9,31,70,25,0,0,0,0,0,0,1
253,57.0,80.0,1.025,0.0,0.0,1,1,0,0,119.0,17.0,1.2,135.0,4.7,15.4,27,44,40,0,0,0,0,0,0,1
254,51.0,60.0,1.025,0.0,0.0,1,1,0,0,99.0,38.0,0.8,135.0,3.7,13.0,34,64,30,0,0,0,0,0,0,1
255,34.0,80.0,1.025,0.0,0.0,1,1,0,0,121.0,27.0,1.2,144.0,3.9,13.6,37,71,41,0,0,0,0,0,0,1
256,60.0,80.0,1.025,0.0,0.0,1,1,0,0,131.0,10.0,0.5,146.0,5.0,14.5,26,4,29,0,0,0,0,0,0,1
257,38.0,60.0,1.02,0.0,0.0,1,1,0,0,91.0,36.0,0.7,135.0,3.7,14.0,31,70,36,0,0,0,0,0,0,1
258,42.0,80.0,1.02,0.0,0.0,1,1,0,0,98.0,20.0,0.5,140.0,3.5,13.9,29,65,33,0,0,0,0,0,0,1
259,35.0,80.0,1.02,0.0,0.0,1,1,0,0,104.0,31.0,1.2,135.0,5.0,16.1,30,31,30,0,0,0,0,0,0,1
260,30.0,80.0,1.02,0.0,0.0,1,1,0,0,131.0,38.0,1.0,147.0,3.8,14.1,30,73,31,0,0,0,0,0,0,1
261,49.0,80.0,1.02,0.0,0.0,1,1,0,0,122.0,32.0,1.2,139.0,3.9,17.0,26,40,27,0,0,0,0,0,0,1
262,55.0,80.0,1.02,0.0,0.0,1,1,0,0,118.0,18.0,0.9,135.0,3.6,15.5,28,54,32,0,0,0,0,0,0,1
263,45.0,80.0,1.02,0.0,0.0,1,1,0,0,117.0,46.0,1.2,137.0,5.0,16.2,30,67,30,0,0,0,0,0,0,1
264,42.0,80.0,1.02,0.0,0.0,1,1,0,0,132.0,24.0,0.7,140.0,4.1,14.4,35,34,23,0,0,0,0,0,0,1
265,50.0,80.0,1.02,0.0,0.0,1,1,0,0,97.0,40.0,0.6,150.0,4.5,14.2,33,3,28,0,0,0,0,0,0,1
266,55.0,80.0,1.02,0.0,0.0,1,1,0,0,133.0,17.0,1.2,135.0,4.8,13.2,26,50,31,0,0,0,0,0,0,1
267,48.0,80.0,1.025,0.0,0.0,1,1,0,0,122.0,33.0,0.9,146.0,3.9,13.9,33,74,26,0,0,0,0,0,0,1
268,53.0,80.0,1.02,0.0,0.0,1,1,0,0,100.0,49.0,1.0,140.0,5.0,16.3,38,66,27,0,0,0,0,0,0,1
269,25.0,80.0,1.025,0.0,0.0,1,1,0,0,121.0,19.0,1.2,142.0,4.9,15.0,33,51,31,0,0,0,0,0,0,1
270,23.0,80.0,1.025,0.0,0.0,1,1,0,0,111.0,34.0,1.1,145.0,4.0,14.3,26,54,28,0,0,0,0,0,0,1
271,30.0,80.0,1.025,0.0,0.0,1,1,0,0,96.0,25.0,0.5,144.0,4.8,13.8,27,69,23,0,0,0,0,0,0,1
272,56.0,80.0,1.025,0.0,0.0,1,1,0,0,139.0,15.0,1.2,135.0,5.0,14.8,27,40,33,0,0,0,0,0,0,1
273,47.0,80.0,1.02,0.0,0.0,1,1,0,0,95.0,35.0,0.9,140.0,4.1,13.6,37,77,23,0,0,0,0,0,0,1
274,19.0,80.0,1.02,0.0,0.0,1,1,0,0,107.0,23.0,0.7,141.0,4.2,14.4,29,77,23,0,0,0,0,0,0,1
275,52.0,80.0,1.02,0.0,0.0,1,1,0,0,125.0,22.0,1.2,139.0,4.6,16.5,28,33,24,0,0,0,0,0,0,1
276,20.0,60.0,1.025,0.0,0.0,1,1,0,0,118.0,41.0,1.2,137.0,4.7,14.0,26,32,33,0,0,0,0,0,0,1
277,46.0,60.0,1.025,0.0,0.0,1,1,0,0,123.0,46.0,1.0,135.0,5.0,15.7,35,45,26,0,0,0,0,0,0,1
278,48.0,60.0,1.02,0.0,0.0,1,1,0,0,112.0,44.0,1.2,142.0,4.9,14.5,29,73,42,0,0,0,0,0,0,1
279,24.0,70.0,1.025,0.0,0.0,1,1,0,0,140.0,23.0,0.6,140.0,4.7,16.3,33,42,34,0,0,0,0,0,0,1
280,47.0,80.0,1.02,0.0,0.0,1,1,0,0,93.0,33.0,0.9,144.0,4.5,13.3,37,62,30,0,0,0,0,0,0,1
281,55.0,80.0,1.025,0.0,0.0,1,1,0,0,130.0,50.0,1.2,147.0,5.0,15.5,26,70,38,0,0,0,0,0,0,1
282,20.0,70.0,1.02,0.0,0.0,1,1,0,0,123.0,44.0,1.0,135.0,3.8,14.6,29,39,26,0,0,0,0,0,0,1
284,33.0,80.0,1.025,0.0,0.0,1,1,0,0,100.0,37.0,1.2,142.0,4.0,16.9,37,49,38,0,0,0,0,0,0,1
285,66.0,70.0,1.02,0.0,0.0,1,1,0,0,94.0,19.0,0.7,135.0,3.9,16.0,26,37,37,0,0,0,0,0,0,1
286,71.0,70.0,1.02,0.0,0.0,1,1,0,0,81.0,18.0,0.8,145.0,5.0,14.7,29,77,38,0,0,0,0,0,0,1
287,39.0,70.0,1.025,0.0,0.0,1,1,0,0,124.0,22.0,0.6,137.0,3.8,13.4,28,77,23,0,0,0,0,0,0,1
288,56.0,70.0,1.025,0.0,0.0,1,1,0,0,70.0,46.0,1.2,135.0,4.9,15.9,35,6,29,0,0,0,0,0,0,1
289,42.0,70.0,1.02,0.0,0.0,1,1,0,0,93.0,32.0,0.9,143.0,4.7,16.6,28,53,31,0,0,0,0,0,0,1
290,54.0,70.0,1.02,0.0,0.0,1,1,0,0,76.0,28.0,0.6,146.0,3.5,14.8,37,65,37,0,0,0,0,0,0,1
291,47.0,80.0,1.025,0.0,0.0,1,1,0,0,124.0,44.0,1.0,140.0,4.9,14.9,26,52,35,0,0,0,0,0,0,1
292,30.0,80.0,1.02,0.0,0.0,1,1,0,0,89.0,42.0,0.5,139.0,5.0,16.7,37,0,28,0,0,0,0,0,0,1
293,50.0,80.0,1.02,0.0,0.0,1,1,0,0,92.0,19.0,1.2,150.0,4.8,14.9,33,33,32,0,0,0,0,0,0,1
294,75.0,60.0,1.02,0.0,0.0,1,1,0,0,110.0,50.0,0.7,135.0,5.0,14.3,25,64,36,0,0,0,0,0,0,1
295,44.0,70.0,1.02,0.0,0.0,1,1,0,0,106.0,25.0,0.9,150.0,3.6,15.0,35,75,43,0,0,0,0,0,0,1
296,41.0,70.0,1.02,0.0,0.0,1,1,0,0,125.0,38.0,0.6,140.0,5.0,16.8,26,45,37,0,0,0,0,0,0,1
297,53.0,60.0,1.025,0.0,0.0,1,1,0,0,116.0,26.0,1.0,146.0,4.9,15.8,30,58,30,0,0,0,0,0,0,1
298,34.0,60.0,1.02,0.0,0.0,1,1,0,0,91.0,49.0,1.2,135.0,4.5,13.5,33,67,27,0,0,0,0,0,0,1
299,73.0,60.0,1.02,0.0,0.0,1,1,0,0,127.0,48.0,0.5,150.0,3.5,15.1,37,6,25,0,0,0,0,0,0,1
300,45.0,60.0,1.02,0.0,0.0,1,1,0,0,114.0,26.0,0.7,141.0,4.2,15.0,28,71,36,0,0,0,0,0,0,1
301,44.0,60.0,1.025,0.0,0.0,1,1,0,0,96.0,33.0,0.9,147.0,4.5,16.9,26,54,28,0,0,0,0,0,0,1
302,29.0,70.0,1.02,0.0,0.0,1,1,0,0,127.0,44.0,1.2,145.0,5.0,14.8,33,77,23,0,0,0,0,0,0,1
304,33.0,80.0,1.025,0.0,0.0,1,1,0,0,128.0,38.0,0.6,135.0,3.9,13.1,30,44,23,0,0,0,0,0,0,1
305,41.0,80.0,1.02,0.0,0.0,1,1,0,0,122.0,25.0,0.8,138.0,5.0,17.1,26,70,30,0,0,0,0,0,0,1
306,52.0,80.0,1.02,0.0,0.0,1,1,0,0,128.0,30.0,1.2,140.0,4.5,15.2,37,31,35,0,0,0,0,0,0,1
307,47.0,60.0,1.02,0.0,0.0,1,1,0,0,137.0,17.0,0.5,150.0,3.5,13.6,29,60,23,0,0,0,0,0,0,1
308,43.0,80.0,1.025,0.0,0.0,1,1,0,0,81.0,46.0,0.6,135.0,4.9,13.9,33,51,27,0,0,0,0,0,0,1
309,51.0,60.0,1.02,0.0,0.0,1,1,0,0,129.0,25.0,1.2,139.0,5.0,17.2,25,62,37,0,0,0,0,0,0,1
310,46.0,60.0,1.02,0.0,0.0,1,1,0,0,102.0,27.0,0.7,142.0,4.9,13.2,29,6,32,0,0,0,0,0,0,1
311,56.0,60.0,1.025,0.0,0.0,1,1,0,0,132.0,18.0,1.1,147.0,4.7,13.7,30,57,34,0,0,0,0,0,0,1
312,80.0,70.0,1.02,0.0,0.0,1,1,0,0,118.0,41.0,1.2,135.0,4.1,15.3,33,45,39,0,0,0,0,0,0,1
313,55.0,80.0,1.02,0.0,0.0,1,1,0,0,104.0,28.0,0.9,142.0,4.8,17.3,37,63,26,0,0,0,0,0,0,1
314,39.0,70.0,1.025,0.0,0.0,1,1,0,0,131.0,46.0,0.6,145.0,5.0,15.6,26,73,25,0,0,0,0,0,0,1
316,35.0,80.0,1.02,0.0,0.0,1,1,0,0,99.0,30.0,0.5,135.0,4.9,15.4,33,34,30,0,0,0,0,0,0,1
317,58.0,70.0,1.02,0.0,0.0,1,1,0,0,102.0,48.0,1.2,139.0,4.3,15.0,25,62,27,0,0,0,0,0,0,1
318,61.0,70.0,1.025,0.0,0.0,1,1,0,0,120.0,29.0,0.7,137.0,3.5,17.4,37,52,31,0,0,0,0,0,0,1
319,30.0,60.0,1.02,0.0,0.0,1,1,0,0,138.0,15.0,1.1,135.0,4.4,13.6,37,77,23,0,0,0,0,0,0,1
320,57.0,60.0,1.02,0.0,0.0,1,1,0,0,105.0,49.0,1.2,150.0,4.7,15.7,29,2,40,0,0,0,0,0,0,1
321,65.0,60.0,1.02,0.0,0.0,1,1,0,0,109.0,39.0,1.0,144.0,3.5,13.9,33,75,26,0,0,0,0,0,0,1
322,70.0,60.0,1.02,0.0,0.0,1,1,0,0,120.0,40.0,0.5,140.0,4.6,16.0,28,32,27,0,0,0,0,0,0,1
323,43.0,80.0,1.025,0.0,0.0,1,1,0,0,130.0,30.0,1.1,143.0,5.0,15.9,30,59,23,0,0,0,0,0,0,1
324,40.0,80.0,1.02,0.0,0.0,1,1,0,0,119.0,15.0,0.7,150.0,4.9,13.6,37,77,23,0,0,0,0,0,0,1
325,58.0,80.0,1.02,0.0,0.0,1,1,0,0,100.0,50.0,1.2,140.0,3.5,14.0,35,49,43,0,0,0,0,0,0,1
326,47.0,60.0,1.02,0.0,0.0,1,1,0,0,109.0,25.0,1.1,141.0,4.7,15.8,26,64,30,0,0,0,0,0,0,1
327,30.0,60.0,1.025,0.0,0.0,1,1,0,0,120.0,31.0,0.8,150.0,4.6,13.4,29,4,36,0,0,0,0,0,0,1
328,28.0,70.0,1.02,0.0,0.0,1,1,0,0,131.0,29.0,0.6,145.0,4.9,13.6,30,67,43,0,0,0,0,0,0,1
329,33.0,60.0,1.025,0.0,0.0,1,1,0,0,80.0,25.0,0.9,146.0,3.5,14.1,33,59,29,0,0,0,0,0,0,1
330,43.0,80.0,1.02,0.0,0.0,1,1,0,0,114.0,32.0,1.1,135.0,3.9,13.6,27,77,23,0,0,0,0,0,0,1
331,59.0,70.0,1.025,0.0,0.0,1,1,0,0,130.0,39.0,0.7,147.0,4.7,13.5,31,49,23,0,0,0,0,0,0,1
332,34.0,70.0,1.025,0.0,0.0,1,1,0,0,118.0,33.0,1.0,150.0,5.0,15.3,29,3,39,0,0,0,0,0,0,1
333,23.0,80.0,1.02,0.0,0.0,1,1,0,0,99.0,46.0,1.2,142.0,4.0,17.7,31,31,33,0,0,0,0,0,0,1
334,24.0,80.0,1.025,0.0,0.0,1,1,0,0,125.0,41.0,1.2,136.0,3.5,15.4,28,40,23,0,0,0,0,0,0,1
335,60.0,60.0,1.02,0.0,0.0,1,1,0,0,134.0,45.0,0.5,139.0,4.8,14.2,33,4,34,0,0,0,0,0,0,1
337,44.0,70.0,1.025,0.0,0.0,1,1,0,0,92.0,40.0,0.9,141.0,4.9,14.0,37,57,40,0,0,0,0,0,0,1
338,62.0,80.0,1.02,0.0,0.0,1,1,0,0,132.0,34.0,0.8,147.0,3.5,17.8,29,33,23,0,0,0,0,0,0,1
339,25.0,70.0,1.02,0.0,0.0,1,1,0,0,88.0,42.0,0.5,136.0,3.5,13.3,33,52,27,0,0,0,0,0,0,1
340,32.0,70.0,1.025,0.0,0.0,1,1,0,0,100.0,29.0,1.1,142.0,4.5,14.3,28,49,37,0,0,0,0,0,0,1
341,63.0,70.0,1.025,0.0,0.0,1,1,0,0,130.0,37.0,0.9,150.0,5.0,13.4,26,55,25,0,0,0,0,0,0,1
342,44.0,60.0,1.02,0.0,0.0,1,1,0,0,95.0,46.0,0.5,138.0,4.2,15.0,35,58,41,0,0,0,0,0,0,1
343,37.0,60.0,1.025,0.0,0.0,1,1,0,0,111.0,35.0,0.8,135.0,4.1,16.2,35,39,35,0,0,0,0,0,0,1
344,64.0,60.0,1.02,0.0,0.0,1,1,0,0,106.0,27.0,0.7,150.0,3.3,14.4,27,62,25,0,0,0,0,0,0,1
345,22.0,60.0,1.025,0.0,0.0,1,1,0,0,97.0,18.0,1.2,138.0,4.3,13.5,27,60,42,0,0,0,0,0,0,1
346,33.0,60.0,1.02,0.0,0.0,1,1,0,0,130.0,41.0,0.9,141.0,4.4,15.5,37,31,36,0,0,0,0,0,0,1
347,43.0,60.0,1.025,0.0,0.0,1,1,0,0,108.0,25.0,1.0,144.0,5.0,17.8,28,54,33,0,0,0,0,0,0,1
348,38.0,80.0,1.02,0.0,0.0,1,1,0,0,99.0,19.0,0.5,147.0,3.5,13.6,29,55,42,0,0,0,0,0,0,1
349,35.0,70.0,1.025,0.0,0.0,1,1,0,0,82.0,36.0,1.1,150.0,3.5,14.5,37,73,39,0,0,0,0,0,0,1
350,65.0,70.0,1.025,0.0,0.0,1,1,0,0,85.0,20.0,1.0,142.0,4.8,16.1,28,75,23,0,0,0,0,0,0,1
351,29.0,80.0,1.02,0.0,0.0,1,1,0,0,83.0,49.0,0.9,139.0,3.3,17.5,25,78,25,0,0,0,0,0,0,1
352,37.0,60.0,1.02,0.0,0.0,1,1,0,0,109.0,47.0,1.1,141.0,4.9,15.0,33,52,30,0,0,0,0,0,0,1
353,39.0,60.0,1.02,0.0,0.0,1,1,0,0,86.0,37.0,0.6,150.0,5.0,13.6,36,42,23,0,0,0,0,0,0,1
354,32.0,60.0,1.025,0.0,0.0,1,1,0,0,102.0,17.0,0.4,147.0,4.7,14.6,26,50,29,0,0,0,0,0,0,1
355,23.0,60.0,1.02,0.0,0.0,1,1,0,0,95.0,24.0,0.8,145.0,5.0,15.0,37,45,24,0,0,0,0,0,0,1
356,34.0,70.0,1.025,0.0,0.0,1,1,0,0,87.0,38.0,0.5,144.0,4.8,17.1,32,56,39,0,0,0,0,0,0,1
357,66.0,70.0,1.025,0.0,0.0,1,1,0,0,107.0,16.0,1.1,140.0,3.6,13.6,27,6,27,0,0,0,0,0,0,1
358,47.0,60.0,1.02,0.0,0.0,1,1,0,0,117.0,22.0,1.2,138.0,3.5,13.0,30,36,34,0,0,0,0,0,0,1
359,74.0,60.0,1.02,0.0,0.0,1,1,0,0,88.0,50.0,0.6,147.0,3.7,17.2,38,43,23,0,0,0,0,0,0,1
360,35.0,60.0,1.025,0.0,0.0,1,1,0,0,105.0,39.0,0.5,135.0,3.9,14.7,28,42,40,0,0,0,0,0,0,1
361,29.0,80.0,1.02,0.0,0.0,1,1,0,0,70.0,16.0,0.7,138.0,3.5,13.7,39,38,36,0,0,0,0,0,0,1
362,33.0,80.0,1.025,0.0,0.0,1,1,0,0,89.0,19.0,1.1,144.0,5.0,15.0,25,1,26,0,0,0,0,0,0,1
364,73.0,80.0,1.025,0.0,0.0,1,1,0,0,118.0,44.0,0.7,137.0,3.5,14.8,30,72,25,0,0,0,0,0,0,1
365,24.0,80.0,1.02,0.0,0.0,1,1,0,0,93.0,46.0,1.0,145.0,3.5,13.6,37,4,41,0,0,0,0,0,0,1
366,60.0,80.0,1.025,0.0,0.0,1,1,0,0,81.0,15.0,0.5,141.0,3.6,15.0,31,3,31,0,0,0,0,0,0,1
367,68.0,60.0,1.025,0.0,0.0,1,1,0,0,125.0,41.0,1.1,139.0,3.8,17.4,35,49,39,0,0,0,0,0,0,1
368,30.0,80.0,1.025,0.0,0.0,1,1,0,0,82.0,42.0,0.7,146.0,5.0,14.9,30,73,37,0,0,0,0,0,0,1
369,75.0,70.0,1.02,0.0,0.0,1,1,0,0,107.0,48.0,0.8,144.0,3.5,13.6,31,1,26,0,0,0,0,0,0,1
370,69.0,70.0,1.02,0.0,0.0,1,1,0,0,83.0,42.0,1.2,139.0,3.7,16.2,35,72,32,0,0,0,0,0,0,1
371,28.0,60.0,1.025,0.0,0.0,1,1,0,0,79.0,50.0,0.5,145.0,5.0,17.6,36,47,28,0,0,0,0,0,0,1
372,72.0,60.0,1.02,0.0,0.0,1,1,0,0,109.0,26.0,0.9,150.0,4.9,15.0,37,3,33,0,0,0,0,0,0,1
373,61.0,70.0,1.025,0.0,0.0,1,1,0,0,133.0,38.0,1.0,142.0,3.6,13.7,32,71,27,0,0,0,0,0,0,1
374,79.0,80.0,1.025,0.0,0.0,1,1,0,0,111.0,44.0,1.2,146.0,3.6,16.3,25,61,42,0,0,0,0,0,0,1
375,70.0,80.0,1.02,0.0,0.0,1,1,0,0,74.0,41.0,0.5,143.0,4.5,15.1,33,76,34,0,0,0,0,0,0,1
376,58.0,70.0,1.025,0.0,0.0,1,1,0,0,88.0,16.0,1.1,147.0,3.5,16.4,38,70,30,0,0,0,0,0,0,1
377,64.0,70.0,1.02,0.0,0.0,1,1,0,0,97.0,27.0,0.7,145.0,4.8,13.8,34,46,26,0,0,0,0,0,0,1
378,71.0,60.0,1.025,0.0,0.0,1,1,0,0,118.0,41.0,0.9,140.0,4.8,15.2,27,58,33,0,0,0,0,0,0,1
379,62.0,80.0,1.025,0.0,0.0,1,1,0,0,78.0,45.0,0.6,138.0,3.5,16.1,35,38,35,0,0,0,0,0,0,1
380,59.0,60.0,1.02,0.0,0.0,1,1,0,0,113.0,23.0,1.1,139.0,3.5,15.3,39,47,27,0,0,0,0,0,0,1
381,71.0,70.0,1.025,0.0,0.0,1,1,0,0,79.0,47.0,0.5,142.0,4.8,16.6,25,42,37,0,0,0,0,0,0,1
382,48.0,80.0,1.025,0.0,0.0,1,1,0,0,75.0,22.0,0.8,137.0,5.0,16.8,36,43,43,0,0,0,0,0,0,1
383,80.0,80.0,1.025,0.0,0.0,1,1,0,0,119.0,46.0,0.7,141.0,4.9,13.9,34,35,28,0,0,0,0,0,0,1
384,57.0,60.0,1.02,0.0,0.0,1,1,0,0,132.0,18.0,1.1,150.0,4.7,15.4,27,6,23,0,0,0,0,0,0,1
385,63.0,70.0,1.02,0.0,0.0,1,1,0,0,113.0,25.0,0.6,146.0,4.9,16.5,37,61,29,0,0,0,0,0,0,1
386,46.0,70.0,1.025,0.0,0.0,1,1,0,0,100.0,47.0,0.5,142.0,3.5,16.4,28,41,43,0,0,0,0,0,0,1
387,15.0,80.0,1.025,0.0,0.0,1,1,0,0,93.0,17.0,0.9,136.0,3.9,16.7,35,44,30,0,0,0,0,0,0,1
388,51.0,80.0,1.02,0.0,0.0,1,1,0,0,94.0,15.0,1.2,144.0,3.7,15.5,31,74,42,0,0,0,0,0,0,1
389,41.0,80.0,1.025,0.0,0.0,1,1,0,0,112.0,48.0,0.7,140.0,5.0,17.0,37,54,36,0,0,0,0,0,0,1
390,52.0,80.0,1.025,0.0,0.0,1,1,0,0,99.0,25.0,0.8,135.0,3.7,15.0,37,45,31,0,0,0,0,0,0,1
391,36.0,80.0,1.025,0.0,0.0,1,1,0,0,85.0,16.0,1.1,142.0,4.1,15.6,29,42,41,0,0,0,0,0,0,1
392,57.0,80.0,1.02,0.0,0.0,1,1,0,0,133.0,48.0,1.2,147.0,4.3,14.8,31,48,33,0,0,0,0,0,0,1
393,43.0,60.0,1.025,0.0,0.0,1,1,0,0,117.0,45.0,0.7,141.0,4.4,13.0,39,56,32,0,0,0,0,0,0,1
394,50.0,80.0,1.02,0.0,0.0,1,1,0,0,137.0,46.0,0.8,139.0,5.0,14.1,30,74,24,0,0,0,0,0,0,1
395,55.0,80.0,1.02,0.0,0.0,1,1,0,0,140.0,49.0,0.5,150.0,4.9,15.7,32,49,27,0,0,0,0,0,0,1
396,42.0,70.0,1.025,0.0,0.0,1,1,0,0,75.0,31.0,1.2,141.0,3.5,16.5,39,59,40,0,0,0,0,0,0,1
397,12.0,80.0,1.02,0.0,0.0,1,1,0,0,100.0,26.0,0.6,137.0,4.4,15.8,34,48,32,0,0,0,0,0,0,1
398,17.0,60.0,1.025,0.0,0.0,1,1,0,0,114.0,50.0,1.0,135.0,4.9,14.2,36,54,37,0,0,0,0,0,0,1
399,58.0,80.0,1.025,0.0,0.0,1,1,0,0,131.0,18.0,1.1,141.0,3.5,15.8,38,50,39,0,0,0,0,0,0,1
